Steps_Before,Hour,Date,DOW,Is_Weekend,Abandon_Ratio,Avg_Sess_Per_Month,Is_AB
7,13,23,4,0.0,0.5,0.8,1.0
14,7,21,2,0.0,1.0,0.2,1.0
24,6,24,5,0.0,0.35,4.6,1.0
8,6,24,5,0.0,0.35,4.6,1.0
8,6,24,5,0.0,0.35,4.6,1.0
10,7,24,5,0.0,0.35,4.6,0.0
9,8,24,5,0.0,0.35,4.6,0.0
15,3,22,3,0.0,1.0,1.8,1.0
6,9,24,5,0.0,0.33,0.6,1.0
34,14,30,4,0.0,1.0,0.2,1.0
6,9,23,4,0.0,0.09,8.8,0.0
7,4,30,4,0.0,0.86,2.8,1.0
28,8,21,2,0.0,0.25,3.2,1.0
42,17,30,4,0.0,1.0,0.2,1.0
10,7,20,1,0.0,0.46,2.6,1.0
14,4,24,5,0.0,0.46,2.6,1.0
15,14,20,1,0.0,0.0,5.2,0.0
9,7,21,2,0.0,0.0,5.2,0.0
9,11,21,2,0.0,0.0,5.2,0.0
32,4,20,1,0.0,1.0,0.2,1.0
7,5,30,4,0.0,0.25,2.4,0.0
6,16,30,4,0.0,0.25,2.4,1.0
4,11,20,1,0.0,0.0,1.2,0.0
4,4,22,3,0.0,0.0,1.2,0.0
4,13,23,4,0.0,0.0,1.2,0.0
7,13,20,1,0.0,0.11,3.8,0.0
6,11,21,2,0.0,0.03,6.2,0.0
6,8,22,3,0.0,0.03,6.2,0.0
7,8,30,4,0.0,0.03,6.2,0.0
7,14,21,2,0.0,0.67,0.6,0.0
8,5,23,4,0.0,0.67,0.6,1.0
4,3,24,5,0.0,0.08,2.4,0.0
11,20,24,5,0.0,1.0,0.2,1.0
13,8,30,4,0.0,0.0,2.4,0.0
12,8,30,4,0.0,0.09,4.6,0.0
6,9,30,4,0.0,0.09,4.6,0.0
7,13,30,4,0.0,0.09,4.6,0.0
4,2,30,4,0.0,0.29,1.4,0.0
6,11,23,4,0.0,0.08,2.4,0.0
18,8,23,4,0.0,0.33,1.2,0.0
4,3,22,3,0.0,0.07,2.8,0.0
6,7,22,3,0.0,1.0,0.2,1.0
19,3,30,4,0.0,1.0,0.6,1.0
50,17,30,4,0.0,0.43,1.4,1.0
5,8,23,4,0.0,1.0,0.2,1.0
4,4,30,4,0.0,0.0,1.0,0.0
9,2,21,2,0.0,0.25,4.8,1.0
7,19,23,4,0.0,0.12,9.6,0.0
6,2,30,4,0.0,0.12,9.6,0.0
6,15,30,4,0.0,0.12,9.6,0.0
22,9,30,4,0.0,0.75,0.8,1.0
3,8,30,4,0.0,0.33,1.8,0.0
7,8,30,4,0.0,0.33,1.8,1.0
13,1,30,4,0.0,0.25,0.8,0.0
6,12,21,2,0.0,0.33,1.2,1.0
11,6,20,1,0.0,0.08,2.4,0.0
4,12,22,3,0.0,0.08,2.4,0.0
9,9,30,4,0.0,0.08,2.4,0.0
4,7,22,3,0.0,0.25,1.6,0.0
6,16,23,4,0.0,0.38,1.6,0.0
6,9,23,4,0.0,0.0,1.8,0.0
12,8,30,4,0.0,1.0,0.2,1.0
7,18,30,4,0.0,0.5,0.4,1.0
6,15,24,5,0.0,0.12,8.6,0.0
6,17,24,5,0.0,0.12,8.6,0.0
7,17,24,5,0.0,0.12,8.6,0.0
33,14,21,2,0.0,1.0,0.8,1.0
15,14,21,2,0.0,1.0,0.8,1.0
11,13,24,5,0.0,1.0,0.8,1.0
5,5,30,4,0.0,1.0,0.8,1.0
5,12,23,4,0.0,1.0,0.4,1.0
14,11,24,5,0.0,1.0,0.4,1.0
52,13,30,4,0.0,1.0,0.2,1.0
12,1,21,2,0.0,0.08,13.2,0.0
6,6,21,2,0.0,0.08,13.2,0.0
1,6,21,2,0.0,0.08,13.2,0.0
7,7,22,3,0.0,0.08,13.2,0.0
24,6,23,4,0.0,0.08,13.2,0.0
6,6,24,5,0.0,0.08,13.2,0.0
5,9,24,5,0.0,0.08,13.2,0.0
6,11,24,5,0.0,0.08,13.2,0.0
27,10,30,4,0.0,0.08,13.2,1.0
6,3,24,5,0.0,0.43,2.8,0.0
8,7,21,2,0.0,1.0,0.8,1.0
11,10,20,1,0.0,0.18,2.2,0.0
11,9,20,1,0.0,0.0,2.0,0.0
4,5,21,2,0.0,0.0,2.0,0.0
5,11,4,1,0.0,0.0,0.4,0.0
4,13,11,1,0.0,0.0,0.4,0.0
8,5,19,2,0.0,0.33,1.8,0.0
5,8,20,3,0.0,0.33,1.8,1.0
4,9,20,3,0.0,0.33,1.8,0.0
5,6,21,4,0.0,0.33,1.8,0.0
16,4,23,6,1.0,0.33,1.8,0.0
24,15,1,5,0.0,0.63,3.8,0.0
21,14,6,3,0.0,0.63,3.8,1.0
13,1,8,5,0.0,0.63,3.8,0.0
4,14,3,0,1.0,0.33,1.2,1.0
4,15,3,0,1.0,0.33,1.2,1.0
2,7,19,2,0.0,0.33,1.2,0.0
6,11,22,5,0.0,0.33,1.2,0.0
6,5,2,6,1.0,0.29,1.4,0.0
2,14,4,1,0.0,0.29,1.4,0.0
4,13,21,4,0.0,0.29,1.4,0.0
20,12,1,5,0.0,0.33,3.0,0.0
9,5,10,0,1.0,0.33,3.0,1.0
4,5,15,5,0.0,0.33,3.0,0.0
5,7,18,1,0.0,0.33,3.0,1.0
16,13,19,2,0.0,0.33,3.0,0.0
5,9,26,2,0.0,0.33,3.0,1.0
4,6,29,5,0.0,0.33,3.0,0.0
7,9,29,5,0.0,0.33,3.0,0.0
3,14,6,3,0.0,0.73,2.2,1.0
9,4,7,4,0.0,0.73,2.2,1.0
4,4,7,4,0.0,0.73,2.2,1.0
5,5,7,4,0.0,0.73,2.2,1.0
5,5,8,5,0.0,0.73,2.2,1.0
5,6,8,5,0.0,0.73,2.2,0.0
11,16,17,0,1.0,0.73,2.2,1.0
12,3,28,4,0.0,0.73,2.2,1.0
15,8,17,0,1.0,1.0,0.2,1.0
3,4,4,1,0.0,1.0,0.2,1.0
16,9,29,5,0.0,1.0,1.2,1.0
12,17,1,5,0.0,1.0,0.8,1.0
12,18,1,5,0.0,1.0,0.8,1.0
7,12,4,1,0.0,0.5,0.8,1.0
7,12,4,1,0.0,0.5,0.8,0.0
1,13,4,1,0.0,0.5,0.8,0.0
10,7,9,6,1.0,0.0,0.6,0.0
7,15,11,1,0.0,1.0,0.8,1.0
5,15,11,1,0.0,1.0,0.8,1.0
7,17,26,2,0.0,1.0,0.8,1.0
3,22,5,2,0.0,0.35,4.6,1.0
3,4,6,3,0.0,0.35,4.6,1.0
6,4,6,3,0.0,0.35,4.6,0.0
9,7,6,3,0.0,0.35,4.6,0.0
9,9,10,0,1.0,0.35,4.6,0.0
10,11,30,6,1.0,0.35,4.6,0.0
3,11,30,6,1.0,0.35,4.6,0.0
3,7,1,5,0.0,0.5,0.4,0.0
6,5,2,6,1.0,0.5,0.4,1.0
11,3,8,5,0.0,1.0,0.4,1.0
4,14,1,5,0.0,1.0,0.4,1.0
16,14,4,1,0.0,0.12,1.6,0.0
15,17,8,5,0.0,1.0,0.2,1.0
7,10,6,3,0.0,1.0,0.4,1.0
8,7,7,4,0.0,1.0,0.4,1.0
18,14,6,3,0.0,0.65,4.0,1.0
6,14,6,3,0.0,0.65,4.0,1.0
9,3,7,4,0.0,0.65,4.0,0.0
11,4,8,5,0.0,0.65,4.0,0.0
1,13,6,3,0.0,0.0,0.2,0.0
7,11,3,0,1.0,0.0,0.2,0.0
7,7,24,0,1.0,0.1,2.0,0.0
12,11,2,6,1.0,0.0,0.6,0.0
5,21,17,0,1.0,0.0,0.6,0.0
37,18,26,2,0.0,0.0,0.6,0.0
3,14,8,5,0.0,1.0,0.2,1.0
18,8,14,4,0.0,1.0,1.8,1.0
6,7,21,4,0.0,0.0,1.0,0.0
6,4,27,3,0.0,0.0,1.0,0.0
10,14,2,6,1.0,0.29,8.4,1.0
14,5,12,2,0.0,0.29,8.4,0.0
5,12,15,5,0.0,0.29,8.4,0.0
10,15,22,5,0.0,0.29,8.4,0.0
11,12,30,6,1.0,0.29,8.4,0.0
6,10,14,4,0.0,0.3,2.0,1.0
8,8,15,5,0.0,0.3,2.0,1.0
0,10,15,5,0.0,0.3,2.0,0.0
0,11,15,5,0.0,0.3,2.0,1.0
28,10,29,5,0.0,0.3,2.0,0.0
10,6,31,0,1.0,0.5,2.8,1.0
4,9,9,6,1.0,0.43,1.4,1.0
17,10,9,6,1.0,0.43,1.4,1.0
14,7,10,0,1.0,0.43,1.4,1.0
8,11,10,0,1.0,0.43,1.4,0.0
9,12,2,6,1.0,0.5,0.4,0.0
6,16,11,1,0.0,0.5,0.4,1.0
7,14,3,0,1.0,0.31,2.6,1.0
5,17,3,0,1.0,0.31,2.6,0.0
6,16,20,3,0.0,0.31,2.6,1.0
30,16,20,3,0.0,0.31,2.6,1.0
11,5,25,1,0.0,0.31,2.6,0.0
16,3,16,6,1.0,0.4,2.0,1.0
1,8,16,6,1.0,0.4,2.0,1.0
10,10,25,1,0.0,0.4,2.0,0.0
16,12,30,6,1.0,0.4,2.0,0.0
2,5,18,1,0.0,0.33,0.6,0.0
3,5,27,3,0.0,0.33,0.6,0.0
4,4,9,6,1.0,0.14,2.8,0.0
7,14,9,6,1.0,0.14,2.8,1.0
4,9,10,0,1.0,0.14,2.8,1.0
7,15,9,6,1.0,1.0,0.2,1.0
4,11,2,6,1.0,0.5,0.4,1.0
7,14,29,5,0.0,0.5,0.4,0.0
4,5,8,5,0.0,0.09,8.8,0.0
6,5,10,0,1.0,0.09,8.8,0.0
6,5,11,1,0.0,0.09,8.8,1.0
7,13,11,1,0.0,0.09,8.8,0.0
6,12,17,0,1.0,0.09,8.8,0.0
7,18,19,2,0.0,0.09,8.8,0.0
8,12,24,0,1.0,0.09,8.8,0.0
5,9,7,4,0.0,0.1,2.0,1.0
2,7,18,1,0.0,0.05,4.4,1.0
5,10,21,4,0.0,0.0,0.2,0.0
6,12,29,5,0.0,0.11,1.8,1.0
7,23,17,0,1.0,0.5,1.6,1.0
8,23,21,4,0.0,0.5,1.6,1.0
7,6,22,5,0.0,0.5,1.6,1.0
7,7,22,5,0.0,0.5,1.6,0.0
6,9,22,5,0.0,0.5,1.6,0.0
20,16,22,5,0.0,0.5,1.6,0.0
12,17,22,5,0.0,0.5,1.6,0.0
34,6,16,6,1.0,1.0,1.6,1.0
0,7,18,1,0.0,1.0,1.6,1.0
6,7,18,1,0.0,1.0,1.6,1.0
3,7,18,1,0.0,1.0,1.6,1.0
12,9,18,1,0.0,1.0,1.6,1.0
0,12,18,1,0.0,1.0,1.6,1.0
5,3,19,2,0.0,1.0,1.6,1.0
10,4,27,3,0.0,1.0,1.6,1.0
7,6,2,6,1.0,0.86,2.8,1.0
6,6,2,6,1.0,0.86,2.8,1.0
5,17,2,6,1.0,0.86,2.8,1.0
4,9,16,6,1.0,0.86,2.8,1.0
6,3,18,1,0.0,0.86,2.8,1.0
38,3,18,1,0.0,0.86,2.8,1.0
0,4,18,1,0.0,0.86,2.8,1.0
8,3,30,6,1.0,0.86,2.8,1.0
11,4,30,6,1.0,0.86,2.8,1.0
9,4,30,6,1.0,0.86,2.8,0.0
4,4,30,6,1.0,0.86,2.8,0.0
19,2,12,2,0.0,0.25,3.2,0.0
5,17,18,1,0.0,0.25,3.2,0.0
6,14,30,6,1.0,0.25,3.2,0.0
8,12,22,5,0.0,0.75,0.8,0.0
8,12,26,2,0.0,0.75,0.8,1.0
7,12,26,2,0.0,0.75,0.8,1.0
9,13,26,2,0.0,0.75,0.8,1.0
18,2,30,6,1.0,0.2,1.0,0.0
11,16,1,5,0.0,1.0,0.8,1.0
15,19,15,5,0.0,1.0,0.8,1.0
17,18,30,6,1.0,1.0,0.8,1.0
9,8,15,5,0.0,0.46,2.6,1.0
10,8,21,4,0.0,0.46,2.6,1.0
5,14,21,4,0.0,0.46,2.6,0.0
15,15,22,5,0.0,0.46,2.6,0.0
2,15,22,5,0.0,0.46,2.6,0.0
5,6,23,6,1.0,0.46,2.6,0.0
44,3,26,2,0.0,0.46,2.6,1.0
5,10,26,2,0.0,0.46,2.6,0.0
4,3,4,1,0.0,0.0,0.4,0.0
5,8,25,1,0.0,0.0,0.4,0.0
7,15,4,1,0.0,0.12,3.2,0.0
3,9,7,4,0.0,0.12,3.2,0.0
2,13,7,4,0.0,1.0,0.2,1.0
7,16,18,1,0.0,0.5,0.4,1.0
7,5,19,2,0.0,0.5,0.4,0.0
61,14,20,3,0.0,1.0,0.4,1.0
14,10,1,5,0.0,0.0,5.2,0.0
9,1,20,3,0.0,0.0,5.2,0.0
14,3,20,3,0.0,0.0,5.2,0.0
9,2,27,3,0.0,0.0,5.2,0.0
5,6,13,3,0.0,1.0,0.2,1.0
7,12,26,2,0.0,0.12,1.6,1.0
53,6,28,4,0.0,0.4,1.0,1.0
7,9,29,5,0.0,0.4,1.0,0.0
66,10,31,0,1.0,0.4,1.0,1.0
14,9,3,0,1.0,0.0,1.8,0.0
4,4,9,6,1.0,0.17,1.2,1.0
3,8,14,4,0.0,0.2,3.0,0.0
3,13,14,4,0.0,0.2,3.0,0.0
6,11,15,5,0.0,0.2,3.0,1.0
19,17,22,5,0.0,0.2,3.0,1.0
3,1,23,6,1.0,0.2,3.0,0.0
3,3,23,6,1.0,0.2,3.0,0.0
13,11,30,6,1.0,0.2,3.0,0.0
17,10,2,6,1.0,0.25,2.4,1.0
7,2,1,5,0.0,0.0,0.2,0.0
14,6,6,3,0.0,1.0,0.4,1.0
9,3,19,2,0.0,1.0,0.4,1.0
10,5,29,5,0.0,0.0,1.2,0.0
5,6,2,6,1.0,0.11,3.8,0.0
27,5,11,1,0.0,0.11,3.8,1.0
4,6,11,1,0.0,0.11,3.8,0.0
9,16,15,5,0.0,0.11,3.8,0.0
5,16,28,4,0.0,0.11,3.8,0.0
4,7,8,5,0.0,0.03,6.2,0.0
6,7,14,4,0.0,0.03,6.2,0.0
5,3,19,2,0.0,0.03,6.2,0.0
5,15,25,1,0.0,0.03,6.2,0.0
5,15,26,2,0.0,0.03,6.2,0.0
7,12,27,3,0.0,0.03,6.2,0.0
42,14,14,4,0.0,0.67,0.6,1.0
6,14,14,4,0.0,0.67,0.6,1.0
9,12,20,3,0.0,1.0,2.0,1.0
5,9,27,3,0.0,1.0,2.0,1.0
5,15,28,4,0.0,1.0,2.0,1.0
5,16,28,4,0.0,1.0,2.0,1.0
7,6,31,0,1.0,1.0,2.0,1.0
5,17,15,5,0.0,0.67,0.6,1.0
3,4,2,6,1.0,0.25,2.4,0.0
7,14,6,3,0.0,0.25,2.4,0.0
13,9,3,0,1.0,1.0,1.6,1.0
4,10,3,0,1.0,1.0,1.6,1.0
6,4,21,4,0.0,1.0,1.6,1.0
43,20,28,4,0.0,1.0,1.6,1.0
7,12,30,6,1.0,1.0,1.6,1.0
6,12,30,6,1.0,1.0,1.6,1.0
12,15,30,6,1.0,1.0,1.6,1.0
2,13,8,5,0.0,0.0,0.2,0.0
7,7,9,6,1.0,0.24,5.8,1.0
7,12,14,4,0.0,0.24,5.8,0.0
8,6,15,5,0.0,0.24,5.8,0.0
11,8,16,6,1.0,0.24,5.8,1.0
4,9,16,6,1.0,0.24,5.8,0.0
5,5,22,5,0.0,0.24,5.8,1.0
9,5,11,1,0.0,0.08,2.4,0.0
11,7,18,1,0.0,0.08,2.4,1.0
4,17,22,5,0.0,0.08,2.4,0.0
4,7,27,3,0.0,0.08,2.4,0.0
34,4,9,6,1.0,0.25,0.8,1.0
4,3,10,0,1.0,0.25,0.8,0.0
4,4,10,0,1.0,0.25,0.8,0.0
2,4,15,5,0.0,0.25,0.8,0.0
4,4,8,5,0.0,1.0,0.2,1.0
14,19,15,5,0.0,0.67,0.6,1.0
4,7,3,0,1.0,0.36,4.4,0.0
4,6,8,5,0.0,0.36,4.4,1.0
9,7,8,5,0.0,0.36,4.4,0.0
12,4,12,2,0.0,0.36,4.4,0.0
9,14,13,3,0.0,0.36,4.4,0.0
12,9,15,5,0.0,0.36,4.4,1.0
4,10,15,5,0.0,0.36,4.4,0.0
7,13,25,1,0.0,0.36,4.4,0.0
6,16,25,1,0.0,0.36,4.4,0.0
4,5,9,6,1.0,0.0,1.6,0.0
5,13,27,3,0.0,0.0,1.6,0.0
5,10,28,4,0.0,0.0,1.6,0.0
15,11,28,4,0.0,0.0,1.6,0.0
5,3,29,5,0.0,0.0,1.6,0.0
6,3,24,0,1.0,1.0,0.4,1.0
10,14,7,4,0.0,0.0,2.4,0.0
9,7,12,2,0.0,0.0,2.4,0.0
4,5,31,0,1.0,0.0,2.4,0.0
6,14,4,1,0.0,0.0,0.2,0.0
8,9,26,2,0.0,0.09,4.6,0.0
8,10,29,5,0.0,0.09,4.6,0.0
7,14,29,5,0.0,0.09,4.6,1.0
7,17,29,5,0.0,0.09,4.6,0.0
6,17,29,5,0.0,0.09,4.6,0.0
24,3,30,6,1.0,0.09,4.6,1.0
6,5,30,6,1.0,0.09,4.6,0.0
7,16,8,5,0.0,1.0,0.8,1.0
4,6,12,2,0.0,1.0,0.8,1.0
19,9,28,4,0.0,1.0,0.2,1.0
15,11,8,5,0.0,0.2,1.0,1.0
10,7,21,4,0.0,0.2,1.0,0.0
23,12,11,1,0.0,0.27,5.2,1.0
1,12,11,1,0.0,0.27,5.2,1.0
4,13,11,1,0.0,0.27,5.2,0.0
4,3,14,4,0.0,0.27,5.2,0.0
5,4,1,5,0.0,0.19,3.2,1.0
4,6,1,5,0.0,0.19,3.2,0.0
15,7,27,3,0.0,0.19,3.2,1.0
4,10,27,3,0.0,0.19,3.2,0.0
22,13,3,0,1.0,0.29,1.4,1.0
3,3,4,1,0.0,0.29,1.4,0.0
20,12,25,1,0.0,0.29,1.4,0.0
32,6,13,3,0.0,0.8,1.0,1.0
6,0,22,5,0.0,0.14,1.4,0.0
8,5,1,5,0.0,0.21,5.6,1.0
8,7,3,0,1.0,0.21,5.6,1.0
10,4,22,5,0.0,0.21,5.6,0.0
10,14,30,6,1.0,0.21,5.6,1.0
11,15,30,6,1.0,0.21,5.6,0.0
15,7,25,1,0.0,1.0,0.8,1.0
6,5,6,3,0.0,0.08,2.4,0.0
4,3,8,5,0.0,0.08,2.4,0.0
5,10,30,6,1.0,0.08,2.4,0.0
12,0,26,2,0.0,0.0,0.2,0.0
6,16,18,1,0.0,1.0,0.4,1.0
5,5,7,4,0.0,0.33,1.2,1.0
19,7,15,5,0.0,0.33,1.2,0.0
3,7,15,5,0.0,0.33,1.2,1.0
6,5,19,2,0.0,0.33,1.2,0.0
18,4,23,6,1.0,0.14,5.8,1.0
5,5,23,6,1.0,0.14,5.8,0.0
15,10,27,3,0.0,0.14,5.8,0.0
31,7,4,1,0.0,1.0,0.2,1.0
5,6,7,4,0.0,0.2,1.0,0.0
0,5,1,5,0.0,0.43,4.2,1.0
4,7,1,5,0.0,0.43,4.2,0.0
4,7,1,5,0.0,0.43,4.2,0.0
6,15,2,6,1.0,0.43,4.2,0.0
6,16,2,6,1.0,0.43,4.2,0.0
6,15,5,2,0.0,0.43,4.2,1.0
6,16,8,5,0.0,0.43,4.2,1.0
5,16,8,5,0.0,0.43,4.2,0.0
1,17,8,5,0.0,0.43,4.2,0.0
10,4,28,4,0.0,0.43,4.2,1.0
14,7,28,4,0.0,0.43,4.2,1.0
14,11,28,4,0.0,0.43,4.2,1.0
12,12,29,5,0.0,0.43,4.2,1.0
14,11,30,6,1.0,0.43,4.2,1.0
15,16,6,3,0.0,0.2,1.0,0.0
13,16,6,3,0.0,0.2,1.0,1.0
4,7,3,0,1.0,0.07,2.8,0.0
6,3,22,5,0.0,0.07,2.8,0.0
16,9,2,6,1.0,0.1,2.0,0.0
9,15,5,2,0.0,0.1,2.0,0.0
5,14,30,6,1.0,0.1,2.0,0.0
1,16,4,1,0.0,0.0,0.2,0.0
3,11,15,5,0.0,0.0,0.4,0.0
6,16,28,4,0.0,1.0,0.6,1.0
9,0,1,5,0.0,0.15,5.4,0.0
10,4,5,2,0.0,0.15,5.4,1.0
6,15,14,4,0.0,0.15,5.4,1.0
5,3,20,3,0.0,0.15,5.4,0.0
4,8,20,3,0.0,0.15,5.4,0.0
10,6,23,6,1.0,0.15,5.4,0.0
6,1,26,2,0.0,0.15,5.4,0.0
35,7,29,5,0.0,0.11,1.8,1.0
27,13,2,6,1.0,0.43,1.4,1.0
14,10,3,0,1.0,0.43,1.4,1.0
5,11,22,5,0.0,0.43,1.4,0.0
5,5,23,6,1.0,0.43,1.4,0.0
6,10,14,4,0.0,1.0,0.2,1.0
2,6,14,4,0.0,0.44,1.8,1.0
4,6,14,4,0.0,0.44,1.8,1.0
12,7,14,4,0.0,0.44,1.8,0.0
2,7,14,4,0.0,0.44,1.8,0.0
4,8,14,4,0.0,0.44,1.8,0.0
4,11,15,5,0.0,0.44,1.8,0.0
11,8,29,5,0.0,0.44,1.8,0.0
10,4,29,5,0.0,0.0,1.0,0.0
17,17,16,6,1.0,0.5,0.4,0.0
7,16,15,5,0.0,0.18,2.2,1.0
6,15,19,2,0.0,0.18,2.2,0.0
4,8,1,5,0.0,0.5,0.4,0.0
4,6,5,2,0.0,0.5,0.4,1.0
2,13,5,2,0.0,0.25,4.8,0.0
1,6,14,4,0.0,0.25,4.8,0.0
8,16,14,4,0.0,0.25,4.8,0.0
3,12,21,4,0.0,0.25,4.8,1.0
14,5,22,5,0.0,0.25,4.8,1.0
5,7,23,6,1.0,0.25,4.8,0.0
19,8,7,4,0.0,1.0,0.4,1.0
14,14,28,4,0.0,1.0,0.4,1.0
6,7,1,5,0.0,0.12,9.6,0.0
4,10,3,0,1.0,0.12,9.6,0.0
26,1,4,1,0.0,0.12,9.6,0.0
4,5,4,1,0.0,0.12,9.6,0.0
8,3,9,6,1.0,0.12,9.6,0.0
6,8,9,6,1.0,0.12,9.6,0.0
6,15,21,4,0.0,0.12,9.6,0.0
4,4,27,3,0.0,0.12,9.6,0.0
8,13,20,3,0.0,0.0,0.2,0.0
54,9,26,2,0.0,1.0,0.8,1.0
11,9,26,2,0.0,1.0,0.8,1.0
9,10,8,5,0.0,0.75,0.8,1.0
3,6,9,6,1.0,0.75,0.8,0.0
7,17,30,6,1.0,1.0,0.2,1.0
14,18,7,4,0.0,0.21,2.8,0.0
16,9,12,2,0.0,0.21,2.8,0.0
31,17,22,5,0.0,0.21,2.8,0.0
17,4,30,6,1.0,0.21,2.8,0.0
9,11,9,6,1.0,0.0,0.2,0.0
5,6,15,5,0.0,1.0,0.2,1.0
8,7,17,0,1.0,0.33,2.4,1.0
10,11,20,3,0.0,0.33,2.4,1.0
6,11,20,3,0.0,0.33,2.4,1.0
7,12,20,3,0.0,0.33,2.4,0.0
8,19,20,3,0.0,0.33,2.4,0.0
5,2,22,5,0.0,0.0,0.4,0.0
7,13,28,4,0.0,0.0,0.2,0.0
5,12,11,1,0.0,1.0,0.2,1.0
14,3,20,3,0.0,0.4,1.0,1.0
5,7,22,5,0.0,0.4,1.0,1.0
25,16,15,5,0.0,1.0,0.2,1.0
4,6,5,2,0.0,0.0,2.6,0.0
4,8,7,4,0.0,0.0,2.6,0.0
4,5,10,0,1.0,0.0,2.6,0.0
17,12,29,5,0.0,0.0,2.6,0.0
3,6,9,6,1.0,0.33,1.2,0.0
25,19,11,1,0.0,0.33,1.2,1.0
12,16,24,0,1.0,0.33,1.2,0.0
15,10,28,4,0.0,0.33,1.2,0.0
10,10,17,0,1.0,0.18,2.2,0.0
5,8,21,4,0.0,0.18,2.2,0.0
10,4,23,6,1.0,0.18,2.2,0.0
10,13,26,2,0.0,0.18,2.2,1.0
4,13,26,2,0.0,0.18,2.2,1.0
5,6,27,3,0.0,0.18,2.2,0.0
3,14,9,6,1.0,0.17,1.2,0.0
5,11,5,2,0.0,0.0,1.0,0.0
11,3,29,5,0.0,0.0,1.0,0.0
9,15,8,5,0.0,0.08,2.4,0.0
3,8,23,6,1.0,0.08,2.4,0.0
6,11,7,4,0.0,1.0,0.2,1.0
4,12,1,5,0.0,0.25,1.6,0.0
8,4,7,4,0.0,0.25,1.6,0.0
5,10,17,0,1.0,0.25,1.6,0.0
5,6,19,2,0.0,0.25,1.6,0.0
5,7,20,3,0.0,0.25,1.6,0.0
9,6,5,2,0.0,1.0,0.2,1.0
30,15,24,0,1.0,1.0,0.2,1.0
12,17,11,1,0.0,0.38,1.6,0.0
7,8,26,2,0.0,0.38,1.6,1.0
7,17,18,1,0.0,0.0,0.6,0.0
7,3,19,2,0.0,0.0,0.6,0.0
4,7,20,3,0.0,0.0,1.8,0.0
6,2,2,6,1.0,1.0,0.4,1.0
28,5,3,0,1.0,1.0,0.4,1.0
7,2,1,5,0.0,0.5,0.4,0.0
7,15,5,2,0.0,0.0,0.2,0.0
6,13,1,5,0.0,0.12,8.6,0.0
5,3,23,6,1.0,0.12,8.6,0.0
11,5,23,6,1.0,0.12,8.6,0.0
6,10,29,5,0.0,0.12,8.6,0.0
5,6,17,0,1.0,0.12,3.4,0.0
13,3,28,4,0.0,0.12,3.4,0.0
5,7,17,0,1.0,0.0,0.2,0.0
7,11,15,5,0.0,0.75,0.8,1.0
10,11,21,4,0.0,0.75,0.8,0.0
4,9,14,4,0.0,0.4,2.0,1.0
8,9,14,4,0.0,0.4,2.0,1.0
10,13,21,4,0.0,0.4,2.0,0.0
1,13,21,4,0.0,0.4,2.0,0.0
9,15,2,6,1.0,0.62,2.6,1.0
9,11,9,6,1.0,0.62,2.6,0.0
19,19,25,1,0.0,0.62,2.6,1.0
5,12,29,5,0.0,0.62,2.6,1.0
43,10,13,3,0.0,1.0,0.4,1.0
5,11,29,5,0.0,1.0,0.2,1.0
9,14,12,2,0.0,0.0,0.6,0.0
14,6,11,1,0.0,1.0,0.2,1.0
6,18,15,5,0.0,0.11,1.8,1.0
5,15,28,4,0.0,0.11,1.8,0.0
6,18,1,5,0.0,0.17,1.2,0.0
4,14,13,3,0.0,0.17,1.2,0.0
6,16,23,6,1.0,0.17,1.2,1.0
27,20,29,5,0.0,0.17,1.2,0.0
4,3,4,1,0.0,0.08,13.2,0.0
12,5,5,2,0.0,0.08,13.2,0.0
12,5,7,4,0.0,0.08,13.2,0.0
6,5,7,4,0.0,0.08,13.2,0.0
6,5,7,4,0.0,0.08,13.2,0.0
6,6,7,4,0.0,0.08,13.2,0.0
5,5,14,4,0.0,0.08,13.2,1.0
2,5,14,4,0.0,0.08,13.2,0.0
11,10,14,4,0.0,0.08,13.2,0.0
8,4,18,1,0.0,0.08,13.2,0.0
7,5,21,4,0.0,0.08,13.2,0.0
6,5,21,4,0.0,0.08,13.2,0.0
13,1,22,5,0.0,0.08,13.2,0.0
5,5,22,5,0.0,0.08,13.2,0.0
8,4,26,2,0.0,0.08,13.2,0.0
8,5,28,4,0.0,0.08,13.2,0.0
8,5,29,5,0.0,0.08,13.2,0.0
6,11,10,0,1.0,0.0,1.2,0.0
33,5,5,2,0.0,0.43,2.8,0.0
31,18,13,3,0.0,0.43,2.8,1.0
11,16,6,3,0.0,0.12,4.8,1.0
5,16,9,6,1.0,0.12,4.8,0.0
3,18,13,3,0.0,0.12,4.8,0.0
2,7,15,5,0.0,0.12,4.8,0.0
2,11,15,5,0.0,0.12,4.8,0.0
18,18,19,2,0.0,0.12,4.8,0.0
2,16,31,0,1.0,0.12,4.8,0.0
7,10,11,1,0.0,1.0,0.2,1.0
4,12,30,6,1.0,0.5,0.4,1.0
4,13,30,6,1.0,0.5,0.4,0.0
7,17,22,5,0.0,0.18,2.2,0.0
26,4,29,5,0.0,0.18,2.2,1.0
15,4,29,5,0.0,0.18,2.2,1.0
6,4,29,5,0.0,0.18,2.2,0.0
5,15,31,0,1.0,0.18,2.2,0.0
14,16,11,1,0.0,0.0,0.4,0.0
3,12,12,2,0.0,0.0,0.4,0.0
4,6,13,3,0.0,0.0,2.0,0.0
2,8,20,3,0.0,0.0,2.0,0.0
10,11,28,4,0.0,0.0,2.0,0.0
19,17,17,0,1.0,0.25,0.8,1.0
14,18,2,6,1.0,0.33,0.6,0.0
7,18,6,3,0.0,0.33,0.6,1.0
4,6,20,3,0.0,1.0,0.4,1.0
2,15,7,4,0.0,0.0,0.2,0.0
11,11,2,6,1.0,0.29,1.4,0.0
5,14,6,3,0.0,0.0,0.2,0.0
10,11,20,3,0.0,1.0,0.2,1.0
4,4,11,1,0.0,0.17,1.2,1.0
3,12,11,1,0.0,0.17,1.2,0.0
5,19,26,2,0.0,0.0,0.2,0.0
6,16,9,6,1.0,0.0,0.2,0.0
27,12,5,2,0.0,0.2,1.0,0.0
4,10,18,1,0.0,0.2,1.0,0.0
35,17,8,5,0.0,0.0,1.0,0.0
5,6,2,2,0.0,0.33,1.8,0.0
9,3,7,0,1.0,0.33,1.8,1.0
11,17,26,5,0.0,0.33,1.8,1.0
5,18,26,5,0.0,0.33,1.8,0.0
12,7,3,3,0.0,0.63,3.8,1.0
12,1,4,4,0.0,0.63,3.8,0.0
10,6,6,6,1.0,0.63,3.8,1.0
4,6,6,6,1.0,0.63,3.8,1.0
3,6,6,6,1.0,0.63,3.8,1.0
5,6,6,6,1.0,0.63,3.8,1.0
5,7,6,6,1.0,0.63,3.8,1.0
5,8,6,6,1.0,0.63,3.8,0.0
33,10,28,0,1.0,0.63,3.8,1.0
5,4,2,2,0.0,0.33,3.0,0.0
5,6,2,2,0.0,0.33,3.0,0.0
7,6,3,3,0.0,0.33,3.0,1.0
5,10,4,4,0.0,0.33,3.0,0.0
8,14,10,3,0.0,0.33,3.0,1.0
5,14,20,6,1.0,0.33,3.0,0.0
12,7,22,1,0.0,0.33,3.0,0.0
7,13,6,6,1.0,0.73,2.2,1.0
6,14,6,6,1.0,0.73,2.2,0.0
5,7,17,3,0.0,0.33,0.6,1.0
10,8,17,3,0.0,0.33,0.6,0.0
17,6,23,2,0.0,0.33,0.6,0.0
6,10,30,2,0.0,1.0,0.4,1.0
4,12,23,2,0.0,1.0,1.2,1.0
4,13,23,2,0.0,1.0,1.2,1.0
27,11,26,5,0.0,1.0,1.2,1.0
8,11,26,5,0.0,1.0,1.2,1.0
27,3,4,4,0.0,0.0,0.6,0.0
14,18,19,5,0.0,1.0,0.2,1.0
18,17,10,3,0.0,1.0,0.2,1.0
15,4,3,3,0.0,0.35,4.6,1.0
10,5,3,3,0.0,0.35,4.6,0.0
6,7,7,0,1.0,1.0,0.4,1.0
4,12,19,5,0.0,1.0,0.4,1.0
8,4,1,1,0.0,0.71,1.4,1.0
8,7,27,6,1.0,0.71,1.4,1.0
6,15,31,3,0.0,0.71,1.4,1.0
40,8,2,2,0.0,0.12,1.6,1.0
10,16,4,4,0.0,0.12,1.6,0.0
10,8,17,3,0.0,0.12,1.6,0.0
5,13,2,2,0.0,0.65,4.0,1.0
11,8,3,3,0.0,0.65,4.0,0.0
11,11,5,5,0.0,0.65,4.0,0.0
7,7,25,4,0.0,0.65,4.0,1.0
7,12,25,4,0.0,0.65,4.0,0.0
30,13,26,5,0.0,0.65,4.0,1.0
5,15,26,5,0.0,0.65,4.0,1.0
7,17,28,0,1.0,0.65,4.0,0.0
20,5,22,1,0.0,0.5,0.4,0.0
7,5,11,4,0.0,1.0,0.4,1.0
19,7,4,4,0.0,1.0,1.8,1.0
12,6,4,4,0.0,0.0,1.0,0.0
7,8,4,4,0.0,0.0,1.0,0.0
8,4,8,1,0.0,0.0,1.0,0.0
17,4,30,2,0.0,0.0,0.2,0.0
5,4,2,2,0.0,0.29,8.4,0.0
6,7,11,4,0.0,0.29,8.4,0.0
8,8,11,4,0.0,0.29,8.4,0.0
9,9,11,4,0.0,0.29,8.4,0.0
7,10,19,5,0.0,0.29,8.4,0.0
23,12,31,3,0.0,0.3,2.0,0.0
7,13,31,3,0.0,0.3,2.0,0.0
11,8,6,6,1.0,0.27,3.0,1.0
5,9,6,6,1.0,0.27,3.0,1.0
14,4,12,5,0.0,0.27,3.0,0.0
15,10,22,1,0.0,0.27,3.0,1.0
8,16,22,1,0.0,0.27,3.0,1.0
6,2,6,6,1.0,0.5,2.8,0.0
9,15,9,2,0.0,1.0,0.2,1.0
12,5,9,2,0.0,0.43,1.4,0.0
31,10,13,6,1.0,1.0,0.4,1.0
12,6,20,6,1.0,1.0,0.4,1.0
17,5,1,1,0.0,0.31,2.6,0.0
7,5,1,1,0.0,0.31,2.6,0.0
10,21,25,4,0.0,0.33,0.6,1.0
6,16,4,4,0.0,0.4,2.0,1.0
6,5,5,5,0.0,0.4,2.0,0.0
31,12,31,3,0.0,0.4,2.0,0.0
4,10,1,1,0.0,0.14,2.8,0.0
5,10,12,5,0.0,0.14,2.8,0.0
5,8,15,1,0.0,0.14,2.8,0.0
10,4,23,2,0.0,0.14,2.8,0.0
6,12,1,1,0.0,0.09,8.8,0.0
8,17,16,2,0.0,0.09,8.8,1.0
6,13,23,2,0.0,0.09,8.8,0.0
10,9,27,6,1.0,0.09,8.8,0.0
8,10,28,0,1.0,0.09,8.8,0.0
6,11,28,0,1.0,0.09,8.8,0.0
7,12,28,0,1.0,0.09,8.8,0.0
9,6,31,3,0.0,0.09,8.8,0.0
6,17,15,1,0.0,0.1,2.0,0.0
16,3,22,1,0.0,0.1,2.0,0.0
10,13,3,3,0.0,0.05,4.4,0.0
32,5,8,1,0.0,0.05,4.4,0.0
22,3,10,3,0.0,0.05,4.4,0.0
7,6,17,3,0.0,0.05,4.4,0.0
17,4,30,2,0.0,0.05,4.4,0.0
5,4,3,3,0.0,1.0,0.4,1.0
7,9,15,1,0.0,0.11,1.8,0.0
8,10,31,3,0.0,0.11,1.8,0.0
10,7,18,4,0.0,1.0,0.2,1.0
5,18,30,2,0.0,0.5,1.2,1.0
5,5,31,3,0.0,0.5,1.2,0.0
27,12,24,3,0.0,1.0,0.2,1.0
20,3,11,4,0.0,1.0,0.2,1.0
12,4,18,4,0.0,0.86,2.8,1.0
7,17,31,3,0.0,0.86,2.8,1.0
15,2,18,4,0.0,0.25,3.2,0.0
19,8,29,1,0.0,0.25,3.2,0.0
30,8,30,2,0.0,0.25,3.2,0.0
11,6,25,4,0.0,0.67,1.2,0.0
7,13,25,4,0.0,0.67,1.2,1.0
16,3,26,5,0.0,0.67,1.2,1.0
7,4,26,5,0.0,0.67,1.2,1.0
10,6,27,6,1.0,0.67,1.2,1.0
8,6,27,6,1.0,0.67,1.2,0.0
6,15,9,2,0.0,0.43,1.4,1.0
11,6,24,3,0.0,0.43,1.4,0.0
5,6,24,3,0.0,0.43,1.4,0.0
16,11,24,3,0.0,0.43,1.4,1.0
11,12,24,3,0.0,0.43,1.4,0.0
5,14,24,3,0.0,0.43,1.4,0.0
6,2,19,5,0.0,0.2,1.0,0.0
6,20,6,6,1.0,1.0,0.8,1.0
10,11,15,1,0.0,0.46,2.6,1.0
5,12,17,3,0.0,0.46,2.6,0.0
6,12,3,3,0.0,0.12,3.2,1.0
21,16,31,3,0.0,0.12,3.2,0.0
12,3,27,6,1.0,0.0,0.4,0.0
14,19,31,3,0.0,0.0,0.4,0.0
11,13,4,4,0.0,1.0,0.2,1.0
34,11,11,4,0.0,1.0,0.4,1.0
9,12,3,3,0.0,0.0,5.2,0.0
14,13,3,3,0.0,0.0,5.2,0.0
8,13,3,3,0.0,0.0,5.2,0.0
8,14,3,3,0.0,0.0,5.2,0.0
9,5,10,3,0.0,0.0,5.2,0.0
9,13,10,3,0.0,0.0,5.2,0.0
9,13,10,3,0.0,0.0,5.2,0.0
14,3,11,4,0.0,0.0,5.2,0.0
13,4,18,4,0.0,0.0,5.2,0.0
15,12,19,5,0.0,0.0,5.2,0.0
11,9,31,3,0.0,0.0,5.2,0.0
5,7,1,1,0.0,0.12,1.6,0.0
5,5,10,3,0.0,0.12,1.6,0.0
5,11,22,1,0.0,0.12,1.6,0.0
6,10,1,1,0.0,0.4,1.0,0.0
5,4,19,5,0.0,0.4,1.0,0.0
20,15,10,3,0.0,0.11,1.8,0.0
6,1,1,1,0.0,0.0,1.8,0.0
5,2,1,1,0.0,0.0,1.8,0.0
5,17,23,2,0.0,0.17,1.2,0.0
5,7,8,1,0.0,0.2,3.0,0.0
5,2,19,5,0.0,0.2,3.0,0.0
5,11,22,1,0.0,0.2,3.0,0.0
14,7,23,2,0.0,0.2,3.0,1.0
5,8,30,2,0.0,0.2,3.0,0.0
8,11,27,6,1.0,0.25,2.4,1.0
7,12,27,6,1.0,0.25,2.4,0.0
11,13,30,2,0.0,0.25,2.4,0.0
21,5,18,4,0.0,1.0,0.2,1.0
5,13,1,1,0.0,0.11,3.8,0.0
7,17,4,4,0.0,0.11,3.8,0.0
7,12,14,0,1.0,0.11,3.8,0.0
6,10,22,1,0.0,0.11,3.8,0.0
7,12,29,1,0.0,0.11,3.8,0.0
5,5,4,4,0.0,0.03,6.2,0.0
7,10,5,5,0.0,0.03,6.2,0.0
7,6,6,6,1.0,0.03,6.2,0.0
7,11,10,3,0.0,0.03,6.2,0.0
5,12,11,4,0.0,0.03,6.2,0.0
6,8,12,5,0.0,0.03,6.2,1.0
6,10,15,1,0.0,0.03,6.2,0.0
5,5,29,1,0.0,0.03,6.2,0.0
4,6,31,3,0.0,0.03,6.2,0.0
23,14,7,0,1.0,1.0,0.2,1.0
6,15,5,5,0.0,0.67,0.6,0.0
5,12,4,4,0.0,1.0,2.0,1.0
5,11,17,3,0.0,1.0,2.0,1.0
5,8,30,2,0.0,1.0,2.0,1.0
4,3,8,1,0.0,0.25,2.4,0.0
14,14,18,4,0.0,0.25,2.4,1.0
9,10,29,1,0.0,0.25,2.4,0.0
5,8,3,3,0.0,1.0,1.6,1.0
8,6,21,0,1.0,0.0,1.0,0.0
4,7,21,0,1.0,0.0,1.0,0.0
3,9,21,0,1.0,0.0,1.0,0.0
9,14,31,3,0.0,1.0,0.2,1.0
37,6,2,2,0.0,0.17,1.2,1.0
6,11,2,2,0.0,0.17,1.2,0.0
11,8,8,1,0.0,0.24,5.8,0.0
36,8,8,1,0.0,0.24,5.8,0.0
5,8,17,3,0.0,0.24,5.8,0.0
5,10,17,3,0.0,0.24,5.8,0.0
6,10,17,3,0.0,0.24,5.8,0.0
12,3,20,6,1.0,0.24,5.8,1.0
21,3,24,3,0.0,0.08,2.4,0.0
5,6,26,5,0.0,0.08,2.4,0.0
5,8,27,6,1.0,0.08,2.4,0.0
29,7,11,4,0.0,0.0,0.8,0.0
14,10,15,1,0.0,0.0,0.8,0.0
7,16,11,4,0.0,0.0,0.2,0.0
7,4,9,2,0.0,0.36,4.4,0.0
5,15,24,3,0.0,1.0,0.2,1.0
12,4,6,6,1.0,0.0,1.6,0.0
5,4,20,6,1.0,0.0,1.6,0.0
5,4,13,6,1.0,0.38,1.6,1.0
9,5,13,6,1.0,0.38,1.6,0.0
21,10,15,1,0.0,0.38,1.6,1.0
5,12,15,1,0.0,0.38,1.6,0.0
5,15,15,1,0.0,0.38,1.6,0.0
14,15,15,1,0.0,0.0,2.4,0.0
17,16,20,6,1.0,0.0,2.4,0.0
10,14,25,4,0.0,0.0,2.4,0.0
10,14,31,3,0.0,0.0,2.4,0.0
8,5,3,3,0.0,0.09,4.6,0.0
5,9,22,1,0.0,0.09,4.6,0.0
13,10,29,1,0.0,0.09,4.6,0.0
6,8,30,2,0.0,0.09,4.6,0.0
4,12,3,3,0.0,1.0,0.8,1.0
6,12,5,5,0.0,1.0,0.8,1.0
16,9,22,1,0.0,0.2,1.0,0.0
9,14,4,4,0.0,0.27,5.2,0.0
21,22,16,2,0.0,0.27,5.2,0.0
7,1,13,6,1.0,0.67,0.6,1.0
5,13,3,3,0.0,0.33,1.2,1.0
5,16,5,5,0.0,0.33,1.2,1.0
8,4,28,0,1.0,1.0,0.2,1.0
7,5,2,2,0.0,0.0,0.8,0.0
7,3,6,6,1.0,0.0,0.8,0.0
13,17,3,3,0.0,0.2,1.0,1.0
17,1,4,4,0.0,0.2,1.0,0.0
4,7,6,6,1.0,0.19,3.2,0.0
4,15,27,6,1.0,0.19,3.2,0.0
4,5,28,0,1.0,0.19,3.2,0.0
4,6,28,0,1.0,0.19,3.2,0.0
8,9,27,6,1.0,0.25,0.8,1.0
6,10,27,6,1.0,0.25,0.8,0.0
5,3,3,3,0.0,0.29,1.4,0.0
5,7,5,5,0.0,0.0,0.2,0.0
8,6,4,4,0.0,0.8,1.0,1.0
15,19,31,3,0.0,0.8,1.0,1.0
6,10,2,2,0.0,0.14,1.4,0.0
6,10,4,4,0.0,0.14,1.4,0.0
6,13,11,4,0.0,0.14,1.4,0.0
6,6,28,0,1.0,0.14,1.4,1.0
6,11,30,2,0.0,0.14,1.4,0.0
5,12,3,3,0.0,0.21,5.6,0.0
4,13,3,3,0.0,0.21,5.6,0.0
5,13,6,6,1.0,0.21,5.6,0.0
10,16,6,6,1.0,0.21,5.6,0.0
5,9,12,5,0.0,0.21,5.6,0.0
9,9,12,5,0.0,0.21,5.6,0.0
5,8,15,1,0.0,0.21,5.6,0.0
11,9,3,3,0.0,0.14,5.8,0.0
18,11,4,4,0.0,0.14,5.8,0.0
1,11,4,4,0.0,0.14,5.8,1.0
15,8,10,3,0.0,0.14,5.8,0.0
10,11,10,3,0.0,0.14,5.8,0.0
9,13,17,3,0.0,0.14,5.8,0.0
4,7,22,1,0.0,0.14,5.8,0.0
10,14,22,1,0.0,0.14,5.8,0.0
11,10,24,3,0.0,0.14,5.8,0.0
6,8,25,4,0.0,0.14,5.8,0.0
5,8,31,3,0.0,0.14,5.8,0.0
13,7,20,6,1.0,0.2,1.0,0.0
21,10,29,1,0.0,0.2,1.0,1.0
14,13,1,1,0.0,0.43,4.2,1.0
13,5,5,5,0.0,0.43,4.2,0.0
5,11,7,0,1.0,0.43,4.2,0.0
10,7,13,6,1.0,0.2,1.0,0.0
36,4,2,2,0.0,0.07,2.8,0.0
14,6,10,3,0.0,0.07,2.8,0.0
5,3,23,2,0.0,0.07,2.8,0.0
5,6,16,2,0.0,0.1,2.0,0.0
5,1,26,5,0.0,0.1,2.0,0.0
6,16,29,1,0.0,0.1,2.0,1.0
5,13,30,2,0.0,0.1,2.0,0.0
24,6,9,2,0.0,1.0,0.6,1.0
5,12,10,3,0.0,1.0,0.6,1.0
13,16,12,5,0.0,1.0,0.6,1.0
10,7,1,1,0.0,0.15,5.4,0.0
5,4,5,5,0.0,0.15,5.4,0.0
5,10,5,5,0.0,0.15,5.4,1.0
4,11,5,5,0.0,0.15,5.4,0.0
5,12,13,6,1.0,0.15,5.4,0.0
10,13,13,6,1.0,0.15,5.4,0.0
5,21,17,3,0.0,0.15,5.4,0.0
5,10,20,6,1.0,0.15,5.4,0.0
5,4,23,2,0.0,0.15,5.4,0.0
10,3,27,6,1.0,0.15,5.4,0.0
5,11,30,2,0.0,0.15,5.4,0.0
5,1,10,3,0.0,0.11,1.8,0.0
6,3,11,4,0.0,0.11,1.8,0.0
5,13,16,2,0.0,0.11,1.8,0.0
5,17,19,5,0.0,0.11,1.8,0.0
5,12,26,5,0.0,0.11,1.8,0.0
6,5,27,6,1.0,0.11,1.8,0.0
6,9,30,2,0.0,0.11,1.8,0.0
5,12,1,1,0.0,0.43,1.4,0.0
4,5,2,2,0.0,0.43,1.4,0.0
8,14,2,2,0.0,0.45,4.4,1.0
12,14,9,2,0.0,0.45,4.4,1.0
8,15,9,2,0.0,0.45,4.4,1.0
6,16,9,2,0.0,0.45,4.4,0.0
16,6,12,5,0.0,0.45,4.4,1.0
8,14,12,5,0.0,0.45,4.4,1.0
6,4,13,6,1.0,0.45,4.4,0.0
8,18,31,3,0.0,0.45,4.4,0.0
12,18,31,3,0.0,0.45,4.4,1.0
7,14,26,5,0.0,0.33,1.2,1.0
7,16,26,5,0.0,0.33,1.2,0.0
4,10,31,3,0.0,0.33,1.2,1.0
5,12,31,3,0.0,0.33,1.2,0.0
5,14,31,3,0.0,0.33,1.2,0.0
10,15,23,2,0.0,0.5,0.4,1.0
7,8,30,2,0.0,0.5,0.4,1.0
4,15,22,1,0.0,0.33,0.6,0.0
20,14,31,3,0.0,0.33,0.6,1.0
9,15,31,3,0.0,0.33,0.6,0.0
37,2,5,5,0.0,1.0,0.4,1.0
5,0,6,6,1.0,1.0,0.4,1.0
15,13,13,6,1.0,0.18,2.2,0.0
6,6,14,0,1.0,0.18,2.2,0.0
10,9,30,2,0.0,0.18,2.2,0.0
6,7,13,6,1.0,0.67,0.6,0.0
4,7,15,1,0.0,0.67,0.6,1.0
11,14,15,1,0.0,0.67,0.6,1.0
4,3,30,2,0.0,0.5,0.4,1.0
5,9,1,1,0.0,0.25,4.8,0.0
0,9,1,1,0.0,0.25,4.8,0.0
5,10,1,1,0.0,0.25,4.8,0.0
4,5,2,2,0.0,0.25,4.8,0.0
9,11,4,4,0.0,0.25,4.8,0.0
4,12,18,4,0.0,0.25,4.8,0.0
4,7,20,6,1.0,0.25,4.8,1.0
11,3,3,3,0.0,0.12,9.6,0.0
5,5,3,3,0.0,0.12,9.6,0.0
5,14,14,0,1.0,0.12,9.6,0.0
7,7,15,1,0.0,0.12,9.6,1.0
6,12,15,1,0.0,0.12,9.6,0.0
7,11,21,0,1.0,0.12,9.6,0.0
7,4,25,4,0.0,0.12,9.6,0.0
5,6,28,0,1.0,0.12,9.6,0.0
4,17,30,2,0.0,0.12,9.6,0.0
24,15,5,5,0.0,1.0,0.2,1.0
13,14,21,0,1.0,0.21,2.8,1.0
11,17,28,0,1.0,0.21,2.8,0.0
7,15,30,2,0.0,0.21,2.8,1.0
4,15,30,2,0.0,0.21,2.8,0.0
2,14,28,0,1.0,0.0,0.2,0.0
11,8,8,1,0.0,1.0,0.2,1.0
8,16,4,4,0.0,0.33,2.4,0.0
8,10,15,1,0.0,0.33,2.4,0.0
8,14,21,0,1.0,0.33,2.4,0.0
11,11,2,2,0.0,0.33,1.8,0.0
1,12,2,2,0.0,0.33,1.8,0.0
3,15,2,2,0.0,0.33,1.8,0.0
11,19,8,1,0.0,0.33,1.8,1.0
3,4,9,2,0.0,0.33,1.8,0.0
3,3,13,6,1.0,0.33,1.8,1.0
6,2,3,3,0.0,1.0,0.2,1.0
5,14,30,2,0.0,0.4,1.0,0.0
7,14,31,3,0.0,0.4,1.0,0.0
9,3,20,6,1.0,0.4,2.0,0.0
15,14,25,4,0.0,1.0,0.4,1.0
8,1,26,5,0.0,1.0,0.4,1.0
7,13,1,1,0.0,0.25,0.8,1.0
20,10,2,2,0.0,0.25,0.8,0.0
5,16,5,5,0.0,0.25,0.8,0.0
5,4,9,2,0.0,0.0,2.6,0.0
4,4,1,1,0.0,0.33,1.2,0.0
6,6,20,6,1.0,0.18,2.2,0.0
10,8,18,4,0.0,0.71,1.4,1.0
6,5,7,0,1.0,0.0,1.0,0.0
5,13,31,3,0.0,0.0,1.0,0.0
10,8,11,4,0.0,0.08,2.4,1.0
4,9,11,4,0.0,0.08,2.4,0.0
5,13,22,1,0.0,0.08,2.4,0.0
7,15,5,5,0.0,1.0,0.2,1.0
7,15,31,3,0.0,0.25,1.6,1.0
5,16,31,3,0.0,0.25,1.6,1.0
8,15,31,3,0.0,0.38,1.6,1.0
7,9,3,3,0.0,0.0,1.8,0.0
10,14,7,0,1.0,0.0,1.8,0.0
7,17,9,2,0.0,0.0,1.8,0.0
7,10,11,4,0.0,0.0,1.8,0.0
11,21,12,5,0.0,1.0,0.2,1.0
4,8,10,3,0.0,0.12,8.6,0.0
5,16,10,3,0.0,0.12,8.6,0.0
5,14,11,4,0.0,0.12,8.6,0.0
32,12,8,1,0.0,1.0,0.2,1.0
8,15,16,2,0.0,0.12,3.4,0.0
5,4,18,4,0.0,0.12,3.4,1.0
5,7,18,4,0.0,0.12,3.4,0.0
6,12,31,3,0.0,1.0,0.2,1.0
3,6,4,4,0.0,0.4,2.0,0.0
3,7,4,4,0.0,0.4,2.0,0.0
45,6,5,5,0.0,0.4,2.0,1.0
2,6,5,5,0.0,0.4,2.0,0.0
14,10,5,5,0.0,0.4,2.0,1.0
12,10,2,2,0.0,0.0,0.6,0.0
10,16,8,1,0.0,0.0,0.6,0.0
10,10,2,2,0.0,0.11,1.8,0.0
10,5,17,3,0.0,0.11,1.8,0.0
21,14,31,3,0.0,0.11,1.8,0.0
7,14,24,3,0.0,0.17,1.2,0.0
5,7,1,1,0.0,0.08,13.2,0.0
7,5,3,3,0.0,0.08,13.2,0.0
7,5,3,3,0.0,0.08,13.2,0.0
7,6,3,3,0.0,0.08,13.2,0.0
34,1,5,5,0.0,0.08,13.2,0.0
17,4,5,5,0.0,0.08,13.2,0.0
11,10,5,5,0.0,0.08,13.2,0.0
5,5,6,6,1.0,0.08,13.2,0.0
8,5,8,1,0.0,0.08,13.2,0.0
6,5,8,1,0.0,0.08,13.2,0.0
8,6,9,2,0.0,0.08,13.2,0.0
13,5,10,3,0.0,0.08,13.2,0.0
5,5,12,5,0.0,0.08,13.2,0.0
11,8,12,5,0.0,0.08,13.2,0.0
11,10,12,5,0.0,0.08,13.2,1.0
8,10,15,1,0.0,0.08,13.2,0.0
10,8,16,2,0.0,0.08,13.2,0.0
10,4,17,3,0.0,0.08,13.2,0.0
7,5,18,4,0.0,0.08,13.2,0.0
10,4,22,1,0.0,0.08,13.2,0.0
7,4,24,3,0.0,0.08,13.2,0.0
5,4,25,4,0.0,0.08,13.2,0.0
24,13,29,1,0.0,0.08,13.2,0.0
33,8,30,2,0.0,0.08,13.2,0.0
6,13,6,6,1.0,0.0,1.2,0.0
9,2,31,3,0.0,0.0,1.2,0.0
4,18,2,2,0.0,0.0,0.6,0.0
20,15,21,0,1.0,0.0,0.6,0.0
4,7,25,4,0.0,0.0,0.6,0.0
25,16,8,1,0.0,0.43,2.8,1.0
12,12,10,3,0.0,0.43,2.8,1.0
22,17,10,3,0.0,0.43,2.8,1.0
6,18,10,3,0.0,0.43,2.8,0.0
5,3,11,4,0.0,0.43,2.8,0.0
24,4,12,5,0.0,0.43,2.8,0.0
5,18,12,5,0.0,0.43,2.8,0.0
12,11,15,1,0.0,0.43,2.8,0.0
10,14,25,4,0.0,0.43,2.8,1.0
5,9,26,5,0.0,0.43,2.8,0.0
6,3,30,2,0.0,0.43,2.8,1.0
5,15,10,3,0.0,0.32,3.8,1.0
6,12,11,4,0.0,0.32,3.8,1.0
5,15,20,6,1.0,0.32,3.8,1.0
4,16,20,6,1.0,0.32,3.8,0.0
8,8,22,1,0.0,0.32,3.8,0.0
6,12,25,4,0.0,0.32,3.8,0.0
5,12,26,5,0.0,0.32,3.8,0.0
11,7,27,6,1.0,0.32,3.8,0.0
4,7,27,6,1.0,0.32,3.8,0.0
5,8,27,6,1.0,0.32,3.8,0.0
5,8,27,6,1.0,0.32,3.8,0.0
5,3,28,0,1.0,0.32,3.8,0.0
6,11,30,2,0.0,0.32,3.8,0.0
5,13,30,2,0.0,0.32,3.8,0.0
2,8,3,3,0.0,0.12,4.8,0.0
2,13,8,1,0.0,0.12,4.8,0.0
2,18,17,3,0.0,0.12,4.8,0.0
2,9,19,5,0.0,0.12,4.8,0.0
6,17,25,4,0.0,0.12,4.8,0.0
4,12,5,5,0.0,0.25,0.8,1.0
9,14,31,3,0.0,1.0,0.8,1.0
8,8,8,1,0.0,0.0,0.2,0.0
5,4,2,2,0.0,0.18,2.2,0.0
5,13,29,1,0.0,1.0,0.2,1.0
13,13,2,2,0.0,0.0,2.0,0.0
13,17,7,0,1.0,0.25,0.8,0.0
5,6,21,0,1.0,0.25,0.8,0.0
8,12,1,1,0.0,0.29,1.4,0.0
15,13,31,3,0.0,0.29,1.4,1.0
6,2,4,4,0.0,0.17,1.2,0.0
26,17,19,5,0.0,1.0,0.8,1.0
7,2,20,6,1.0,1.0,0.8,1.0
11,5,12,5,0.0,0.33,1.8,1.0
2,6,12,5,0.0,0.33,1.8,1.0
6,23,12,5,0.0,0.2,1.0,1.0
11,14,25,4,0.0,1.0,1.2,1.0
5,3,28,0,1.0,1.0,1.2,1.0
6,9,28,0,1.0,1.0,1.2,1.0
5,10,25,4,0.0,0.2,1.0,1.0
5,6,27,6,1.0,0.2,1.0,0.0
5,10,31,3,0.0,0.0,1.0,0.0
18,2,9,5,0.0,0.29,1.4,1.0
5,3,9,5,0.0,0.29,1.4,0.0
27,17,14,3,0.0,0.5,0.4,1.0
5,10,17,6,1.0,0.5,0.4,0.0
28,11,27,2,0.0,1.0,0.2,1.0
8,13,27,2,0.0,1.0,0.4,1.0
4,17,1,4,0.0,1.0,0.8,1.0
13,17,1,4,0.0,1.0,0.8,1.0
18,9,23,5,0.0,1.0,0.8,1.0
11,7,3,6,1.0,0.35,4.6,0.0
8,12,13,2,0.0,1.0,0.2,1.0
14,12,10,6,1.0,0.5,0.4,1.0
6,15,12,1,0.0,0.5,0.4,0.0
5,12,9,5,0.0,1.0,0.2,1.0
5,15,1,4,0.0,0.71,1.4,1.0
0,15,1,4,0.0,0.71,1.4,1.0
10,17,1,4,0.0,0.71,1.4,0.0
6,8,5,1,0.0,0.12,1.6,0.0
3,5,10,6,1.0,0.12,1.6,0.0
6,5,25,0,1.0,0.12,1.6,0.0
6,9,15,4,0.0,0.0,0.4,0.0
12,6,19,1,0.0,0.0,0.4,0.0
7,15,2,5,0.0,0.65,4.0,1.0
5,16,2,5,0.0,0.65,4.0,1.0
7,16,2,5,0.0,0.65,4.0,1.0
7,16,2,5,0.0,0.65,4.0,1.0
7,17,2,5,0.0,0.65,4.0,1.0
3,4,3,6,1.0,0.65,4.0,1.0
7,1,4,0,1.0,0.65,4.0,1.0
8,14,5,1,0.0,0.65,4.0,0.0
5,4,1,4,0.0,0.1,2.0,0.0
5,9,17,6,1.0,0.1,2.0,0.0
5,2,19,1,0.0,0.1,2.0,0.0
5,3,21,3,0.0,0.1,2.0,0.0
5,4,27,2,0.0,0.1,2.0,0.0
15,15,23,5,0.0,0.43,1.4,1.0
9,15,14,3,0.0,0.33,0.6,0.0
6,15,15,4,0.0,1.0,1.8,1.0
17,7,22,4,0.0,1.0,1.8,1.0
4,7,22,4,0.0,1.0,1.8,1.0
8,6,23,5,0.0,1.0,1.8,1.0
6,4,9,5,0.0,0.29,8.4,0.0
6,2,12,1,0.0,0.29,8.4,1.0
5,7,12,1,0.0,0.29,8.4,0.0
5,9,12,1,0.0,0.29,8.4,0.0
5,10,12,1,0.0,0.29,8.4,0.0
6,1,13,2,0.0,0.29,8.4,0.0
5,7,13,2,0.0,0.29,8.4,0.0
5,11,13,2,0.0,0.29,8.4,0.0
6,5,17,6,1.0,0.29,8.4,1.0
6,7,17,6,1.0,0.29,8.4,0.0
6,16,19,1,0.0,0.29,8.4,1.0
6,13,20,2,0.0,0.29,8.4,1.0
6,8,28,3,0.0,0.29,8.4,1.0
4,16,28,3,0.0,0.29,8.4,0.0
7,17,28,3,0.0,0.29,8.4,0.0
5,6,2,5,0.0,0.27,3.0,0.0
7,8,27,2,0.0,0.27,3.0,0.0
5,8,27,2,0.0,0.27,3.0,0.0
12,5,5,1,0.0,0.5,2.8,1.0
9,5,5,1,0.0,0.5,2.8,1.0
12,6,5,1,0.0,0.5,2.8,0.0
13,7,5,1,0.0,0.5,2.8,1.0
9,5,12,1,0.0,0.5,2.8,0.0
9,5,27,2,0.0,0.5,2.8,1.0
6,16,27,2,0.0,0.5,2.8,0.0
10,6,16,5,0.0,0.0,0.6,0.0
28,15,2,5,0.0,1.0,0.2,1.0
5,16,12,1,0.0,1.0,2.8,1.0
15,15,13,2,0.0,1.0,2.8,1.0
15,12,14,3,0.0,1.0,2.8,1.0
5,4,15,4,0.0,1.0,2.8,1.0
7,4,17,6,1.0,1.0,2.8,1.0
8,7,20,2,0.0,1.0,2.8,1.0
23,4,23,5,0.0,1.0,2.8,1.0
6,9,28,3,0.0,1.0,2.8,1.0
7,9,28,3,0.0,1.0,2.8,1.0
6,10,28,3,0.0,1.0,2.8,1.0
3,10,28,3,0.0,1.0,2.8,1.0
16,7,2,5,0.0,0.43,1.4,0.0
6,22,7,3,0.0,0.33,0.6,0.0
15,1,7,3,0.0,0.4,2.0,0.0
5,4,16,5,0.0,0.4,2.0,1.0
5,14,3,6,1.0,0.29,2.8,0.0
5,9,6,2,0.0,0.29,2.8,0.0
10,9,6,2,0.0,0.29,2.8,1.0
3,11,6,2,0.0,0.29,2.8,0.0
17,11,6,2,0.0,0.29,2.8,0.0
6,18,9,5,0.0,0.29,2.8,0.0
7,2,25,0,1.0,0.29,2.8,1.0
12,17,25,0,1.0,0.29,2.8,0.0
6,3,7,3,0.0,0.14,2.8,0.0
6,16,16,5,0.0,0.14,2.8,0.0
26,2,23,5,0.0,0.14,2.8,0.0
6,10,27,2,0.0,0.14,2.8,0.0
8,12,1,4,0.0,0.09,8.8,0.0
8,19,2,5,0.0,0.09,8.8,0.0
8,14,4,0,1.0,0.09,8.8,0.0
8,2,8,4,0.0,0.09,8.8,0.0
8,13,9,5,0.0,0.09,8.8,0.0
6,14,14,3,0.0,0.09,8.8,0.0
16,5,16,5,0.0,0.09,8.8,0.0
8,17,23,5,0.0,0.09,8.8,0.0
8,11,24,6,1.0,0.09,8.8,0.0
7,8,26,1,0.0,0.09,8.8,1.0
6,12,26,1,0.0,0.09,8.8,0.0
8,6,28,3,0.0,0.09,8.8,0.0
10,17,9,5,0.0,0.0,0.6,0.0
6,18,6,2,0.0,0.1,2.0,0.0
15,4,11,0,1.0,0.1,2.0,0.0
7,11,4,0,1.0,0.05,4.4,0.0
9,5,6,2,0.0,0.05,4.4,0.0
10,9,7,3,0.0,0.05,4.4,0.0
12,13,8,4,0.0,0.05,4.4,0.0
23,14,9,5,0.0,0.05,4.4,0.0
7,15,13,2,0.0,0.05,4.4,0.0
8,4,14,3,0.0,0.05,4.4,0.0
12,2,15,4,0.0,0.05,4.4,0.0
10,4,15,4,0.0,0.05,4.4,0.0
9,2,16,5,0.0,0.05,4.4,0.0
12,5,22,4,0.0,0.05,4.4,0.0
7,6,22,4,0.0,0.05,4.4,0.0
6,3,23,5,0.0,0.05,4.4,0.0
7,6,24,6,1.0,0.05,4.4,0.0
7,13,7,3,0.0,1.0,0.4,1.0
7,8,16,5,0.0,1.0,0.4,1.0
20,4,5,1,0.0,1.0,0.4,1.0
13,4,1,4,0.0,0.11,1.8,0.0
10,15,3,6,1.0,0.11,1.8,0.0
7,13,28,3,0.0,0.11,1.8,0.0
14,0,26,1,0.0,0.5,1.6,1.0
5,9,7,3,0.0,0.5,1.2,1.0
5,12,7,3,0.0,0.5,1.2,0.0
8,6,19,1,0.0,0.5,1.2,1.0
2,7,19,1,0.0,0.5,1.2,0.0
2,16,11,0,1.0,0.8,1.0,1.0
13,17,12,1,0.0,0.8,1.0,1.0
11,16,18,0,1.0,0.8,1.0,1.0
11,1,22,4,0.0,0.8,1.0,0.0
14,6,6,2,0.0,1.0,0.2,1.0
6,15,8,4,0.0,0.33,0.6,0.0
8,14,16,5,0.0,1.0,0.2,1.0
16,8,5,1,0.0,0.0,0.2,0.0
15,18,15,4,0.0,1.0,0.2,1.0
10,17,7,3,0.0,0.25,3.2,0.0
22,15,14,3,0.0,0.25,3.2,0.0
5,16,14,3,0.0,0.25,3.2,0.0
18,12,15,4,0.0,0.25,3.2,1.0
19,16,16,5,0.0,0.25,3.2,1.0
5,4,17,6,1.0,0.25,3.2,0.0
13,3,24,6,1.0,0.25,3.2,0.0
7,10,14,3,0.0,1.0,0.2,1.0
5,20,12,1,0.0,0.43,1.4,1.0
14,8,25,0,1.0,0.2,1.0,1.0
12,4,6,2,0.0,0.16,3.8,0.0
5,12,6,2,0.0,0.16,3.8,0.0
12,9,10,6,1.0,0.16,3.8,0.0
19,4,13,2,0.0,0.16,3.8,1.0
10,11,20,2,0.0,0.16,3.8,0.0
7,11,21,3,0.0,0.16,3.8,1.0
10,12,28,3,0.0,0.16,3.8,0.0
15,11,25,0,1.0,1.0,0.2,1.0
6,8,3,6,1.0,0.46,2.6,0.0
7,15,28,3,0.0,0.6,1.0,1.0
5,15,28,3,0.0,0.6,1.0,1.0
4,15,28,3,0.0,0.6,1.0,1.0
11,23,28,3,0.0,0.6,1.0,0.0
20,19,1,4,0.0,0.12,3.2,0.0
10,17,11,0,1.0,0.12,3.2,0.0
5,7,12,1,0.0,0.12,3.2,0.0
5,14,17,6,1.0,0.12,3.2,0.0
38,11,4,0,1.0,0.29,1.4,1.0
6,12,4,0,1.0,0.29,1.4,1.0
5,10,5,1,0.0,0.29,1.4,0.0
3,6,6,2,0.0,0.29,1.4,0.0
10,3,9,5,0.0,0.0,5.2,0.0
14,2,14,3,0.0,0.0,5.2,0.0
15,4,28,3,0.0,0.0,5.2,0.0
16,5,28,3,0.0,0.0,5.2,0.0
6,6,1,4,0.0,0.12,1.6,0.0
11,6,15,4,0.0,0.12,1.6,0.0
2,17,4,0,1.0,0.44,1.8,1.0
7,17,4,0,1.0,0.44,1.8,1.0
7,7,27,2,0.0,0.44,1.8,1.0
4,17,9,5,0.0,0.11,1.8,0.0
14,17,12,1,0.0,0.11,1.8,0.0
10,5,13,2,0.0,0.11,1.8,0.0
33,11,1,4,0.0,0.0,1.8,0.0
6,13,2,5,0.0,0.0,1.8,0.0
6,12,15,4,0.0,0.0,1.8,0.0
10,8,4,0,1.0,0.17,1.2,0.0
17,14,22,4,0.0,0.17,1.2,0.0
6,22,24,6,1.0,1.0,0.2,1.0
13,1,28,3,0.0,0.2,3.0,0.0
18,6,15,4,0.0,0.17,1.2,1.0
10,6,16,5,0.0,0.17,1.2,0.0
13,10,17,6,1.0,0.17,1.2,0.0
6,5,6,2,0.0,1.0,0.2,1.0
6,18,13,2,0.0,0.25,0.8,1.0
8,11,1,4,0.0,0.25,2.4,0.0
7,12,1,4,0.0,0.25,2.4,0.0
8,17,4,0,1.0,0.25,2.4,0.0
8,6,16,5,0.0,0.25,2.4,0.0
28,15,26,1,0.0,0.25,2.4,0.0
5,1,4,0,1.0,0.0,1.2,0.0
18,5,16,5,0.0,0.0,1.2,0.0
7,8,7,3,0.0,0.11,3.8,0.0
18,9,24,6,1.0,0.11,3.8,1.0
7,13,28,3,0.0,0.11,3.8,0.0
7,11,5,1,0.0,0.03,6.2,0.0
5,11,9,5,0.0,0.03,6.2,0.0
4,4,16,5,0.0,0.03,6.2,0.0
8,8,12,1,0.0,0.0,0.8,0.0
5,4,14,3,0.0,0.0,0.8,0.0
5,9,15,4,0.0,0.0,0.8,0.0
5,14,16,5,0.0,1.0,0.2,1.0
14,9,5,1,0.0,0.3,4.0,1.0
7,7,8,4,0.0,0.3,4.0,0.0
8,6,12,1,0.0,0.3,4.0,0.0
26,7,14,3,0.0,0.3,4.0,0.0
10,4,20,2,0.0,0.3,4.0,0.0
9,15,28,3,0.0,0.3,4.0,1.0
5,16,28,3,0.0,0.3,4.0,1.0
11,19,28,3,0.0,0.3,4.0,0.0
2,13,7,3,0.0,0.25,2.4,0.0
8,4,12,1,0.0,0.25,2.4,0.0
14,12,10,6,1.0,0.0,0.2,0.0
3,2,1,4,0.0,0.0,1.0,0.0
3,16,7,3,0.0,0.0,1.0,0.0
3,7,20,2,0.0,0.0,0.2,0.0
18,20,2,5,0.0,1.0,0.2,1.0
45,4,2,5,0.0,0.24,5.8,0.0
23,4,2,5,0.0,0.24,5.8,0.0
14,11,9,5,0.0,0.24,5.8,0.0
13,6,14,3,0.0,0.24,5.8,0.0
9,6,14,3,0.0,0.24,5.8,1.0
3,6,14,3,0.0,0.24,5.8,0.0
14,15,16,5,0.0,0.24,5.8,1.0
10,8,20,2,0.0,0.24,5.8,0.0
25,5,27,2,0.0,0.24,5.8,0.0
17,11,28,3,0.0,0.24,5.8,0.0
6,17,5,1,0.0,0.08,2.4,0.0
6,7,25,0,1.0,0.08,2.4,0.0
6,13,19,1,0.0,0.0,0.8,0.0
8,13,20,2,0.0,0.0,0.8,0.0
11,3,6,2,0.0,0.0,0.6,0.0
6,15,17,6,1.0,1.0,0.2,1.0
15,9,24,6,1.0,0.67,0.6,1.0
15,6,28,3,0.0,0.67,0.6,0.0
7,13,4,0,1.0,0.36,4.4,1.0
6,14,4,0,1.0,0.36,4.4,1.0
5,14,4,0,1.0,0.36,4.4,0.0
10,13,6,2,0.0,0.36,4.4,0.0
16,6,12,1,0.0,0.36,4.4,1.0
10,10,16,5,0.0,0.36,4.4,0.0
21,10,20,2,0.0,0.36,4.4,1.0
6,11,20,2,0.0,0.36,4.4,0.0
7,14,24,6,1.0,0.36,4.4,0.0
7,7,25,0,1.0,0.75,0.8,1.0
18,7,25,0,1.0,0.75,0.8,1.0
6,6,26,1,0.0,0.75,0.8,0.0
14,5,17,6,1.0,1.0,0.4,1.0
1,5,17,6,1.0,1.0,0.4,1.0
5,4,2,5,0.0,0.0,1.6,0.0
13,10,5,1,0.0,0.38,1.6,0.0
14,18,5,1,0.0,0.0,2.4,0.0
21,0,27,2,0.0,0.0,2.4,0.0
5,9,28,3,0.0,0.0,2.4,0.0
8,7,1,4,0.0,0.09,4.6,0.0
6,5,2,5,0.0,0.09,4.6,0.0
8,6,22,4,0.0,0.09,4.6,0.0
8,6,26,1,0.0,0.09,4.6,0.0
8,7,28,3,0.0,0.09,4.6,0.0
69,20,20,2,0.0,1.0,0.2,1.0
7,5,2,5,0.0,0.27,5.2,0.0
4,5,2,5,0.0,0.27,5.2,0.0
23,23,5,1,0.0,0.27,5.2,1.0
14,0,6,2,0.0,0.27,5.2,1.0
6,0,6,2,0.0,0.27,5.2,1.0
10,0,6,2,0.0,0.27,5.2,0.0
11,23,6,2,0.0,0.27,5.2,0.0
15,0,9,5,0.0,0.27,5.2,0.0
11,23,17,6,1.0,0.27,5.2,1.0
13,23,17,6,1.0,0.27,5.2,0.0
21,2,18,0,1.0,0.27,5.2,0.0
12,14,20,2,0.0,0.27,5.2,0.0
8,8,22,4,0.0,0.27,5.2,0.0
5,3,23,5,0.0,0.27,5.2,0.0
10,6,23,5,0.0,0.27,5.2,0.0
16,7,23,5,0.0,0.27,5.2,1.0
10,8,23,5,0.0,0.27,5.2,0.0
13,19,28,3,0.0,0.27,5.2,0.0
18,18,23,5,0.0,1.0,0.4,1.0
7,11,7,3,0.0,0.67,0.6,1.0
14,14,7,3,0.0,0.67,0.6,0.0
32,13,25,0,1.0,0.33,1.2,0.0
5,4,2,5,0.0,0.0,0.8,0.0
5,1,3,6,1.0,0.0,0.8,0.0
11,7,21,3,0.0,1.0,0.2,1.0
8,10,5,1,0.0,0.19,3.2,1.0
43,17,11,0,1.0,0.25,0.8,0.0
4,16,13,2,0.0,0.25,0.8,0.0
10,14,1,4,0.0,0.29,1.4,1.0
26,8,2,5,0.0,0.8,1.0,1.0
6,4,3,6,1.0,0.14,1.4,0.0
18,12,1,4,0.0,0.21,5.6,0.0
5,18,1,4,0.0,0.21,5.6,0.0
10,5,7,3,0.0,0.21,5.6,0.0
6,14,21,3,0.0,0.21,5.6,0.0
5,16,6,2,0.0,0.08,2.4,0.0
5,9,16,5,0.0,0.08,2.4,0.0
10,13,1,4,0.0,0.5,1.2,0.0
5,18,12,1,0.0,1.0,0.4,1.0
7,11,27,2,0.0,0.33,1.2,0.0
5,15,1,4,0.0,0.14,5.8,0.0
4,9,2,5,0.0,0.14,5.8,1.0
4,10,2,5,0.0,0.14,5.8,0.0
26,7,9,5,0.0,0.14,5.8,0.0
10,8,9,5,0.0,0.14,5.8,0.0
5,11,12,1,0.0,0.14,5.8,0.0
5,7,14,3,0.0,0.14,5.8,1.0
27,8,20,2,0.0,0.14,5.8,0.0
6,12,21,3,0.0,0.14,5.8,0.0
5,12,28,3,0.0,0.14,5.8,0.0
5,3,4,0,1.0,0.43,4.2,0.0
7,7,25,0,1.0,0.43,4.2,0.0
5,13,10,6,1.0,0.2,1.0,0.0
8,19,17,6,1.0,0.2,1.0,1.0
32,7,2,5,0.0,0.07,2.8,0.0
5,6,4,0,1.0,0.07,2.8,0.0
6,6,5,1,0.0,0.07,2.8,0.0
6,1,22,4,0.0,0.07,2.8,0.0
10,1,1,4,0.0,0.1,2.0,0.0
24,6,28,3,0.0,0.5,0.4,1.0
19,5,1,4,0.0,1.0,0.6,1.0
6,9,19,1,0.0,0.0,0.8,0.0
10,2,28,3,0.0,0.0,0.8,0.0
13,11,12,1,0.0,1.0,0.2,1.0
7,8,28,3,0.0,0.25,0.8,0.0
6,10,1,4,0.0,0.15,5.4,0.0
6,6,2,5,0.0,0.15,5.4,0.0
5,6,5,1,0.0,0.15,5.4,0.0
6,7,28,3,0.0,0.11,1.8,0.0
6,2,1,4,0.0,0.45,4.4,0.0
8,6,3,6,1.0,0.45,4.4,1.0
6,6,3,6,1.0,0.45,4.4,1.0
7,7,3,6,1.0,0.45,4.4,0.0
7,2,1,4,0.0,0.33,1.2,0.0
7,17,2,5,0.0,0.5,0.4,0.0
5,19,1,4,0.0,0.0,1.0,0.0
30,15,2,5,0.0,1.0,0.2,1.0
16,11,17,6,1.0,1.0,0.4,1.0
10,14,19,1,0.0,1.0,0.4,1.0
6,15,3,6,1.0,0.18,2.2,0.0
5,6,14,3,0.0,0.18,2.2,0.0
10,16,25,0,1.0,0.18,2.2,0.0
0,16,25,0,1.0,0.18,2.2,1.0
7,17,28,3,0.0,0.18,2.2,0.0
5,6,3,6,1.0,0.0,0.4,0.0
6,6,4,0,1.0,0.0,0.4,0.0
4,6,12,1,0.0,0.6,1.0,1.0
12,7,12,1,0.0,0.6,1.0,1.0
6,7,12,1,0.0,0.6,1.0,1.0
9,12,12,1,0.0,0.6,1.0,0.0
3,12,12,1,0.0,0.6,1.0,0.0
10,6,4,0,1.0,0.33,0.6,0.0
6,10,24,6,1.0,0.5,0.4,0.0
2,6,1,4,0.0,1.0,0.2,1.0
2,6,11,0,1.0,0.25,4.8,0.0
6,13,13,2,0.0,0.25,4.8,0.0
7,14,15,4,0.0,0.25,4.8,0.0
5,7,23,5,0.0,0.25,4.8,0.0
27,7,23,5,0.0,0.25,4.8,1.0
4,9,23,5,0.0,0.25,4.8,0.0
5,10,23,5,0.0,0.25,4.8,0.0
10,4,24,6,1.0,0.25,4.8,0.0
14,15,1,4,0.0,0.12,9.6,0.0
6,7,4,0,1.0,0.12,9.6,0.0
5,13,4,0,1.0,0.12,9.6,0.0
12,3,7,3,0.0,0.12,9.6,0.0
23,6,8,4,0.0,0.12,9.6,1.0
6,6,8,4,0.0,0.12,9.6,1.0
1,6,8,4,0.0,0.12,9.6,1.0
4,5,14,3,0.0,0.12,9.6,0.0
28,5,24,6,1.0,0.12,9.6,0.0
5,6,24,6,1.0,0.12,9.6,0.0
5,5,25,0,1.0,0.12,9.6,0.0
6,9,26,1,0.0,0.12,9.6,0.0
5,17,26,1,0.0,0.12,9.6,0.0
12,11,16,5,0.0,1.0,0.2,1.0
9,16,27,2,0.0,1.0,0.2,1.0
20,6,2,5,0.0,1.0,0.8,1.0
6,13,27,2,0.0,0.21,2.8,0.0
12,13,27,2,0.0,0.21,2.8,0.0
32,4,21,3,0.0,0.12,4.8,1.0
0,12,21,3,0.0,0.12,4.8,0.0
11,11,22,4,0.0,0.12,4.8,1.0
10,14,22,4,0.0,0.12,4.8,0.0
4,14,22,4,0.0,0.12,4.8,0.0
1,15,22,4,0.0,0.12,4.8,0.0
10,15,22,4,0.0,0.12,4.8,0.0
4,15,22,4,0.0,0.12,4.8,0.0
11,1,23,5,0.0,0.12,4.8,0.0
5,5,23,5,0.0,0.12,4.8,0.0
5,7,23,5,0.0,0.12,4.8,0.0
9,8,23,5,0.0,0.12,4.8,0.0
6,13,23,5,0.0,0.12,4.8,0.0
2,8,24,6,1.0,0.12,4.8,0.0
6,15,26,1,0.0,0.12,4.8,0.0
6,3,27,2,0.0,0.12,4.8,0.0
7,16,1,4,0.0,0.33,2.4,0.0
11,4,22,4,0.0,0.33,2.4,1.0
1,4,2,5,0.0,0.33,1.8,0.0
19,6,6,2,0.0,0.5,2.0,1.0
8,6,6,2,0.0,0.5,2.0,1.0
12,12,8,4,0.0,0.5,2.0,1.0
6,9,24,6,1.0,0.0,0.4,0.0
5,12,13,2,0.0,0.4,1.0,0.0
14,2,2,5,0.0,0.4,2.0,0.0
12,3,3,6,1.0,0.4,2.0,0.0
5,11,1,4,0.0,0.0,2.6,0.0
5,12,1,4,0.0,0.0,2.6,0.0
5,12,10,6,1.0,0.0,2.6,0.0
5,5,20,2,0.0,0.0,2.6,0.0
5,14,28,3,0.0,0.0,2.6,0.0
7,12,6,2,0.0,0.18,2.2,0.0
6,9,27,2,0.0,0.18,2.2,0.0
8,9,27,2,0.0,0.18,2.2,0.0
27,14,22,4,0.0,0.17,1.2,0.0
17,2,26,1,0.0,0.17,1.2,0.0
15,1,27,2,0.0,0.17,1.2,0.0
23,13,28,3,0.0,1.0,0.6,1.0
27,8,2,5,0.0,1.0,0.4,1.0
8,14,24,6,1.0,1.0,0.4,1.0
16,7,19,1,0.0,0.71,1.4,1.0
5,8,19,1,0.0,0.71,1.4,0.0
12,12,25,0,1.0,0.71,1.4,1.0
8,12,25,0,1.0,0.71,1.4,1.0
7,13,25,0,1.0,0.71,1.4,1.0
6,11,2,5,0.0,0.0,1.0,0.0
8,5,12,1,0.0,0.08,2.4,0.0
8,2,2,5,0.0,0.38,1.6,0.0
21,13,27,2,0.0,0.38,1.6,1.0
5,11,7,3,0.0,0.33,0.6,1.0
10,10,8,4,0.0,0.33,0.6,0.0
5,20,10,6,1.0,1.0,0.2,1.0
5,12,24,6,1.0,0.0,1.8,0.0
7,12,28,3,0.0,0.0,1.8,0.0
20,7,17,6,1.0,1.0,0.2,1.0
6,10,23,5,0.0,0.12,8.6,0.0
10,15,23,5,0.0,0.12,8.6,0.0
6,9,24,6,1.0,0.12,8.6,0.0
25,13,24,6,1.0,0.12,8.6,1.0
1,14,24,6,1.0,0.12,8.6,1.0
9,15,24,6,1.0,0.12,8.6,0.0
5,15,24,6,1.0,0.12,8.6,1.0
6,6,27,2,0.0,0.12,8.6,0.0
10,12,27,2,0.0,0.12,8.6,1.0
5,17,14,3,0.0,1.0,0.2,1.0
5,9,7,3,0.0,0.12,3.4,0.0
4,18,19,1,0.0,0.12,3.4,0.0
12,19,19,1,0.0,0.12,3.4,0.0
5,13,20,2,0.0,0.12,3.4,0.0
6,8,22,4,0.0,0.12,3.4,0.0
5,4,28,3,0.0,0.12,3.4,0.0
6,14,28,3,0.0,0.12,3.4,0.0
8,15,28,3,0.0,0.12,3.4,0.0
5,15,28,3,0.0,0.12,3.4,0.0
11,5,2,5,0.0,0.5,0.4,1.0
8,3,17,6,1.0,1.0,0.2,1.0
8,5,17,6,1.0,1.0,0.2,1.0
7,5,22,4,0.0,1.0,0.4,1.0
7,16,6,2,0.0,1.0,0.8,1.0
5,19,12,1,0.0,1.0,0.8,1.0
15,19,12,1,0.0,1.0,0.8,1.0
10,17,14,3,0.0,1.0,0.8,1.0
12,5,26,1,0.0,0.11,1.8,0.0
9,16,17,6,1.0,1.0,0.2,1.0
13,6,24,6,1.0,0.17,1.2,0.0
11,8,1,4,0.0,0.08,13.2,0.0
7,9,1,4,0.0,0.08,13.2,0.0
37,16,1,4,0.0,0.08,13.2,1.0
6,8,2,5,0.0,0.08,13.2,0.0
10,10,2,5,0.0,0.08,13.2,0.0
8,5,6,2,0.0,0.08,13.2,0.0
5,6,8,4,0.0,0.08,13.2,0.0
6,6,15,4,0.0,0.08,13.2,0.0
7,7,16,5,0.0,0.08,13.2,0.0
5,10,23,5,0.0,0.08,13.2,0.0
13,3,27,2,0.0,0.0,1.2,0.0
6,6,13,2,0.0,1.0,0.2,1.0
5,17,2,5,0.0,0.32,3.8,1.0
5,5,3,6,1.0,0.32,3.8,0.0
5,6,3,6,1.0,0.32,3.8,1.0
16,9,12,1,0.0,0.32,3.8,1.0
6,5,2,5,0.0,0.12,4.8,1.0
2,10,7,3,0.0,0.12,4.8,0.0
5,18,9,5,0.0,0.12,4.8,0.0
22,14,11,0,1.0,0.12,4.8,0.0
6,10,12,1,0.0,0.12,4.8,0.0
12,11,22,4,0.0,0.12,4.8,0.0
14,6,15,4,0.0,1.0,0.6,1.0
10,12,19,1,0.0,1.0,1.2,1.0
4,7,21,3,0.0,1.0,1.2,1.0
7,3,12,1,0.0,0.18,2.2,0.0
4,6,13,2,0.0,0.18,2.2,0.0
4,8,27,2,0.0,0.62,1.6,0.0
11,18,20,2,0.0,0.5,0.4,1.0
6,1,21,3,0.0,0.5,0.4,0.0
9,17,6,2,0.0,1.0,0.2,1.0
10,16,5,1,0.0,0.5,0.4,1.0
11,4,6,2,0.0,0.5,0.4,0.0
8,3,2,5,0.0,0.0,0.6,0.0
12,3,6,2,0.0,0.0,0.6,0.0
8,6,12,1,0.0,0.0,2.0,0.0
5,4,13,2,0.0,0.0,2.0,0.0
4,5,16,5,0.0,0.0,2.0,0.0
8,8,17,6,1.0,0.0,2.0,0.0
6,2,20,2,0.0,0.25,0.8,0.0
12,16,27,2,0.0,0.33,0.6,0.0
10,9,15,4,0.0,1.0,0.4,1.0
8,6,26,1,0.0,0.6,1.0,0.0
18,16,26,1,0.0,0.6,1.0,1.0
7,7,28,3,0.0,0.6,1.0,1.0
8,5,1,4,0.0,0.29,1.4,0.0
9,5,4,0,1.0,0.29,1.4,0.0
8,12,12,1,0.0,0.29,1.4,1.0
5,8,14,3,0.0,0.67,0.6,1.0
5,8,17,6,1.0,0.67,0.6,1.0
5,7,23,5,0.0,0.67,0.6,0.0
10,3,1,4,0.0,0.0,0.4,0.0
28,17,3,6,1.0,0.0,0.4,0.0
11,2,4,0,1.0,0.17,1.2,0.0
11,11,25,0,1.0,0.17,1.2,0.0
7,8,1,4,0.0,0.33,1.8,0.0
17,6,2,5,0.0,0.33,1.8,0.0
2,10,6,2,0.0,0.33,1.8,0.0
8,8,14,3,0.0,1.0,0.2,1.0
17,1,13,2,0.0,1.0,0.2,1.0
8,9,28,3,0.0,0.2,1.0,0.0
5,14,5,1,0.0,1.0,1.2,1.0
10,1,8,4,0.0,1.0,1.2,1.0
2,6,14,3,0.0,0.2,1.0,0.0
5,8,15,4,0.0,0.2,1.0,0.0
11,9,2,5,0.0,0.63,3.8,0.0
6,5,9,5,0.0,0.63,3.8,1.0
6,8,26,1,0.0,0.63,3.8,1.0
5,9,26,1,0.0,0.63,3.8,1.0
6,11,26,1,0.0,0.63,3.8,0.0
6,7,31,6,1.0,0.63,3.8,0.0
1,16,31,6,1.0,0.63,3.8,1.0
5,16,7,3,0.0,0.33,1.2,0.0
5,16,9,5,0.0,0.33,1.2,0.0
50,10,18,0,1.0,0.29,1.4,1.0
6,13,18,0,1.0,0.29,1.4,0.0
7,15,14,3,0.0,0.73,2.2,0.0
6,2,28,3,0.0,1.0,1.2,1.0
12,9,19,1,0.0,0.0,0.6,0.0
5,5,28,3,0.0,0.5,0.4,1.0
7,7,28,3,0.0,0.5,0.4,0.0
19,14,8,4,0.0,0.35,4.6,1.0
5,15,8,4,0.0,0.35,4.6,0.0
5,16,8,4,0.0,0.35,4.6,0.0
30,6,27,2,0.0,0.35,4.6,1.0
5,6,27,2,0.0,0.35,4.6,0.0
5,7,27,2,0.0,0.35,4.6,0.0
5,7,27,2,0.0,0.35,4.6,0.0
5,7,29,4,0.0,0.35,4.6,0.0
6,5,30,5,0.0,0.71,1.4,0.0
7,12,5,1,0.0,0.12,1.6,0.0
18,4,2,5,0.0,0.5,0.8,1.0
21,3,23,5,0.0,0.5,0.8,1.0
11,2,26,1,0.0,0.5,0.8,0.0
11,6,31,6,1.0,0.5,0.8,0.0
5,16,5,1,0.0,0.0,0.2,0.0
5,4,18,0,1.0,0.0,0.2,0.0
21,4,2,5,0.0,0.86,1.4,1.0
19,4,3,6,1.0,0.86,1.4,1.0
15,9,3,6,1.0,0.86,1.4,1.0
6,12,3,6,1.0,0.86,1.4,1.0
7,2,4,0,1.0,0.86,1.4,0.0
6,7,29,4,0.0,0.86,1.4,1.0
5,7,29,4,0.0,0.86,1.4,1.0
5,8,2,5,0.0,0.33,0.6,1.0
5,9,2,5,0.0,0.33,0.6,0.0
11,10,2,5,0.0,0.33,0.6,0.0
20,16,27,2,0.0,0.5,0.4,1.0
14,10,17,6,1.0,1.0,0.4,1.0
11,7,3,6,1.0,0.1,2.0,0.0
6,7,8,4,0.0,0.1,2.0,1.0
7,11,8,4,0.0,0.1,2.0,0.0
10,13,23,5,0.0,0.1,2.0,0.0
11,2,1,4,0.0,0.43,1.4,0.0
30,11,10,6,1.0,0.43,1.4,1.0
8,5,11,0,1.0,0.43,1.4,0.0
15,5,11,0,1.0,0.43,1.4,0.0
18,15,27,2,0.0,0.43,1.4,1.0
16,14,28,3,0.0,0.43,1.4,0.0
9,12,26,1,0.0,0.33,0.6,1.0
7,14,26,1,0.0,0.33,0.6,0.0
6,5,3,6,1.0,1.0,1.8,1.0
7,2,29,4,0.0,1.0,1.8,1.0
7,3,1,4,0.0,0.29,8.4,0.0
7,4,2,5,0.0,0.29,8.4,0.0
7,5,2,5,0.0,0.29,8.4,0.0
7,10,2,5,0.0,0.29,8.4,1.0
7,5,3,6,1.0,0.29,8.4,0.0
7,4,5,1,0.0,0.29,8.4,0.0
7,16,6,2,0.0,0.29,8.4,0.0
7,7,8,4,0.0,0.29,8.4,1.0
7,7,8,4,0.0,0.29,8.4,0.0
7,5,17,6,1.0,0.29,8.4,1.0
7,6,17,6,1.0,0.29,8.4,0.0
7,11,18,0,1.0,0.29,8.4,1.0
7,11,18,0,1.0,0.29,8.4,1.0
7,13,18,0,1.0,0.29,8.4,0.0
7,14,19,1,0.0,0.29,8.4,0.0
7,11,20,2,0.0,0.29,8.4,0.0
7,12,28,3,0.0,0.29,8.4,1.0
6,16,28,3,0.0,1.0,0.2,1.0
7,2,1,4,0.0,0.3,2.0,0.0
6,7,22,4,0.0,0.3,2.0,0.0
12,14,29,4,0.0,0.3,2.0,0.0
12,10,6,2,0.0,0.27,3.0,0.0
6,8,9,5,0.0,0.27,3.0,0.0
5,8,9,5,0.0,0.27,3.0,0.0
10,6,20,2,0.0,0.27,3.0,0.0
8,10,21,3,0.0,0.27,3.0,0.0
7,3,24,6,1.0,0.27,3.0,0.0
6,4,25,0,1.0,0.27,3.0,0.0
12,6,5,1,0.0,0.5,2.8,0.0
17,2,8,4,0.0,0.5,2.8,1.0
4,3,8,4,0.0,0.5,2.8,0.0
6,17,8,4,0.0,0.5,2.8,1.0
7,17,8,4,0.0,0.5,2.8,0.0
23,10,8,4,0.0,0.0,0.6,0.0
5,3,22,4,0.0,0.0,0.6,0.0
11,13,5,1,0.0,1.0,2.8,1.0
17,13,31,6,1.0,1.0,2.8,1.0
16,14,31,6,1.0,1.0,2.8,1.0
5,8,9,5,0.0,0.43,1.4,0.0
18,12,6,2,0.0,1.0,0.2,1.0
23,17,19,1,0.0,1.0,0.2,1.0
9,6,3,6,1.0,0.31,2.6,0.0
8,15,3,6,1.0,0.31,2.6,0.0
7,3,4,0,1.0,0.31,2.6,0.0
7,4,5,1,0.0,0.31,2.6,0.0
18,16,27,2,0.0,0.31,2.6,1.0
6,17,27,2,0.0,0.31,2.6,0.0
8,4,8,4,0.0,0.33,0.6,0.0
27,3,4,0,1.0,0.4,2.0,0.0
25,7,14,3,0.0,1.0,0.4,1.0
6,11,15,4,0.0,1.0,0.4,1.0
7,8,3,6,1.0,0.29,2.8,0.0
11,11,6,2,0.0,0.29,2.8,0.0
7,12,6,2,0.0,0.29,2.8,1.0
6,15,6,2,0.0,0.29,2.8,1.0
14,15,20,2,0.0,0.29,2.8,0.0
7,13,24,6,1.0,0.29,2.8,0.0
11,6,7,3,0.0,0.14,2.8,0.0
13,4,19,1,0.0,0.14,2.8,0.0
21,11,27,2,0.0,0.14,2.8,0.0
12,14,25,0,1.0,0.5,0.4,1.0
8,14,25,0,1.0,0.5,0.4,0.0
6,14,2,5,0.0,0.09,8.8,0.0
8,12,4,0,1.0,0.09,8.8,0.0
7,4,5,1,0.0,0.09,8.8,1.0
8,9,5,1,0.0,0.09,8.8,0.0
18,5,6,2,0.0,0.09,8.8,0.0
7,14,11,0,1.0,0.09,8.8,0.0
8,18,11,0,1.0,0.09,8.8,0.0
51,19,11,0,1.0,0.09,8.8,0.0
8,4,12,1,0.0,0.09,8.8,0.0
9,9,16,5,0.0,0.09,8.8,0.0
8,17,16,5,0.0,0.09,8.8,0.0
8,19,16,5,0.0,0.09,8.8,0.0
18,9,24,6,1.0,0.09,8.8,0.0
8,13,25,0,1.0,0.09,8.8,0.0
10,13,29,4,0.0,0.09,8.8,0.0
13,6,31,6,1.0,0.09,8.8,0.0
13,7,22,4,0.0,0.0,0.6,0.0
2,13,27,2,0.0,0.0,0.6,0.0
14,12,2,5,0.0,0.1,2.0,0.0
7,12,16,5,0.0,0.1,2.0,0.0
7,3,17,6,1.0,0.1,2.0,0.0
7,17,22,4,0.0,0.1,2.0,0.0
7,6,31,6,1.0,0.1,2.0,0.0
12,3,6,2,0.0,0.05,4.4,0.0
12,8,7,3,0.0,0.05,4.4,0.0
30,2,9,5,0.0,0.5,0.4,1.0
6,19,24,6,1.0,0.5,0.4,0.0
12,8,18,0,1.0,1.0,0.2,1.0
10,18,13,2,0.0,0.11,1.8,0.0
10,15,25,0,1.0,0.11,1.8,0.0
8,7,31,6,1.0,0.11,1.8,0.0
9,14,29,4,0.0,1.0,0.2,1.0
17,15,15,4,0.0,0.8,1.0,1.0
38,13,9,5,0.0,1.0,0.8,1.0
11,8,10,6,1.0,1.0,0.8,1.0
6,15,17,6,1.0,1.0,0.8,1.0
8,18,17,6,1.0,1.0,0.8,1.0
12,15,13,2,0.0,0.33,0.6,1.0
17,8,16,5,0.0,0.33,0.6,0.0
8,12,9,5,0.0,1.0,0.2,1.0
22,5,14,3,0.0,0.25,3.2,1.0
19,18,15,4,0.0,0.25,3.2,0.0
9,15,6,2,0.0,1.0,0.2,1.0
7,15,25,0,1.0,1.0,0.2,1.0
11,8,9,5,0.0,0.2,1.0,0.0
6,9,9,5,0.0,0.2,1.0,0.0
13,2,8,4,0.0,0.16,3.8,1.0
12,12,12,1,0.0,0.16,3.8,0.0
13,14,12,1,0.0,0.16,3.8,0.0
7,4,13,2,0.0,0.16,3.8,0.0
20,5,13,2,0.0,0.16,3.8,0.0
13,7,14,3,0.0,0.16,3.8,0.0
1,8,14,3,0.0,0.16,3.8,0.0
8,9,14,3,0.0,0.16,3.8,0.0
2,12,16,5,0.0,0.16,3.8,0.0
7,12,22,4,0.0,0.16,3.8,0.0
9,12,27,2,0.0,0.16,3.8,0.0
9,1,30,5,0.0,0.16,3.8,0.0
49,8,6,2,0.0,1.0,0.2,1.0
10,4,2,5,0.0,0.6,1.0,0.0
7,8,4,0,1.0,0.12,3.2,0.0
15,13,5,1,0.0,0.12,3.2,1.0
6,18,5,1,0.0,0.12,3.2,0.0
6,15,7,3,0.0,0.12,3.2,0.0
6,18,19,1,0.0,0.12,3.2,0.0
7,16,20,2,0.0,0.12,3.2,0.0
7,10,24,6,1.0,0.12,3.2,0.0
7,5,31,6,1.0,0.12,3.2,0.0
4,16,28,3,0.0,0.0,0.2,0.0
8,15,3,6,1.0,0.29,1.4,0.0
7,6,9,5,0.0,0.29,1.4,0.0
11,9,31,6,1.0,0.29,1.4,0.0
12,6,2,5,0.0,0.0,5.2,0.0
11,11,16,5,0.0,0.0,5.2,0.0
21,11,24,6,1.0,0.0,5.2,0.0
21,2,27,2,0.0,0.0,5.2,0.0
5,10,7,3,0.0,0.0,0.2,0.0
5,7,12,1,0.0,0.12,1.6,0.0
6,7,28,3,0.0,0.12,1.6,0.0
8,5,2,5,0.0,0.44,1.8,1.0
5,6,2,5,0.0,0.44,1.8,0.0
6,20,4,0,1.0,0.44,1.8,0.0
5,21,4,0,1.0,0.44,1.8,0.0
6,12,11,0,1.0,0.44,1.8,0.0
14,9,31,6,1.0,0.44,1.8,0.0
6,12,26,1,0.0,0.8,1.0,1.0
9,12,26,1,0.0,0.8,1.0,1.0
1,13,26,1,0.0,0.8,1.0,1.0
6,13,26,1,0.0,0.8,1.0,1.0
10,13,29,4,0.0,0.8,1.0,0.0
6,20,12,1,0.0,0.11,1.8,1.0
11,13,14,3,0.0,0.11,1.8,0.0
6,8,31,6,1.0,0.11,1.8,0.0
5,9,31,6,1.0,0.11,1.8,0.0
6,13,31,6,1.0,0.11,1.8,0.0
51,6,4,0,1.0,0.0,1.8,0.0
7,5,20,2,0.0,0.0,1.8,0.0
6,2,28,3,0.0,0.0,1.8,0.0
7,8,12,1,0.0,0.17,1.2,0.0
12,12,28,3,0.0,0.17,1.2,0.0
13,2,4,0,1.0,0.2,3.0,0.0
8,15,6,2,0.0,0.2,3.0,0.0
6,1,5,1,0.0,0.17,1.2,0.0
6,17,11,0,1.0,0.17,1.2,0.0
13,5,31,6,1.0,0.17,1.2,0.0
15,8,8,4,0.0,0.43,1.4,1.0
11,10,8,4,0.0,0.43,1.4,1.0
7,11,8,4,0.0,0.43,1.4,1.0
7,15,8,4,0.0,0.43,1.4,0.0
7,6,9,5,0.0,0.43,1.4,0.0
7,10,9,5,0.0,0.43,1.4,0.0
7,11,9,5,0.0,0.43,1.4,0.0
11,8,3,6,1.0,0.25,0.8,0.0
10,15,4,0,1.0,0.25,0.8,0.0
11,17,15,4,0.0,0.25,0.8,0.0
8,16,31,6,1.0,0.25,2.4,0.0
7,4,9,5,0.0,0.11,3.8,0.0
7,15,11,0,1.0,0.11,3.8,0.0
7,6,12,1,0.0,0.11,3.8,0.0
7,12,15,4,0.0,0.11,3.8,0.0
8,13,25,0,1.0,0.11,3.8,0.0
7,12,28,3,0.0,0.75,0.8,1.0
11,5,29,4,0.0,0.75,0.8,0.0
7,5,29,4,0.0,0.75,0.8,1.0
9,14,29,4,0.0,0.75,0.8,1.0
11,10,5,1,0.0,0.03,6.2,0.0
5,8,13,2,0.0,0.03,6.2,0.0
7,10,16,5,0.0,0.03,6.2,0.0
7,8,20,2,0.0,0.03,6.2,0.0
5,9,20,2,0.0,0.03,6.2,0.0
10,7,23,5,0.0,0.03,6.2,0.0
6,8,24,6,1.0,0.03,6.2,0.0
7,17,25,0,1.0,0.03,6.2,0.0
7,6,26,1,0.0,0.03,6.2,0.0
6,15,26,1,0.0,0.03,6.2,0.0
7,7,7,3,0.0,1.0,0.2,1.0
15,12,8,4,0.0,1.0,2.0,1.0
13,4,24,6,1.0,1.0,2.0,1.0
5,1,21,3,0.0,0.0,0.8,0.0
7,2,1,4,0.0,0.3,4.0,0.0
11,12,2,5,0.0,0.3,4.0,0.0
11,13,5,1,0.0,0.3,4.0,1.0
13,15,5,1,0.0,0.3,4.0,1.0
6,5,6,2,0.0,0.3,4.0,0.0
6,8,6,2,0.0,0.3,4.0,0.0
7,6,7,3,0.0,0.3,4.0,0.0
10,5,9,5,0.0,0.3,4.0,0.0
5,6,13,2,0.0,0.3,4.0,0.0
11,7,14,3,0.0,0.3,4.0,0.0
12,2,18,0,1.0,0.3,4.0,1.0
16,12,29,4,0.0,0.3,4.0,0.0
7,6,14,3,0.0,0.25,2.4,0.0
7,7,20,2,0.0,0.25,2.4,0.0
26,8,21,3,0.0,0.25,2.4,1.0
7,9,21,3,0.0,0.25,2.4,1.0
6,9,21,3,0.0,0.25,2.4,0.0
6,19,1,4,0.0,0.0,0.6,0.0
7,3,26,1,0.0,0.0,0.6,0.0
6,14,31,6,1.0,0.0,0.6,0.0
14,2,3,6,1.0,0.17,1.2,0.0
11,18,13,2,0.0,0.17,1.2,0.0
13,5,25,0,1.0,0.17,1.2,0.0
6,5,31,6,1.0,0.17,1.2,0.0
8,6,3,6,1.0,1.0,0.2,1.0
16,12,2,5,0.0,0.24,5.8,0.0
16,8,14,3,0.0,0.24,5.8,0.0
14,7,15,4,0.0,0.24,5.8,0.0
15,4,19,1,0.0,0.24,5.8,0.0
56,4,21,3,0.0,0.24,5.8,1.0
11,6,27,2,0.0,0.24,5.8,0.0
22,5,28,3,0.0,0.24,5.8,0.0
24,3,20,2,0.0,1.0,0.6,1.0
11,3,20,2,0.0,1.0,0.6,1.0
7,9,20,2,0.0,1.0,0.6,1.0
7,7,9,5,0.0,0.08,2.4,0.0
5,8,24,6,1.0,0.08,2.4,0.0
15,8,3,6,1.0,1.0,0.6,1.0
20,19,3,6,1.0,1.0,0.6,1.0
6,18,6,2,0.0,1.0,0.6,1.0
8,5,27,2,0.0,0.0,0.6,0.0
7,6,27,2,0.0,0.0,0.6,0.0
0,6,1,4,0.0,0.36,4.4,1.0
10,9,8,4,0.0,0.36,4.4,1.0
12,13,8,4,0.0,0.36,4.4,0.0
8,13,20,2,0.0,0.75,0.8,1.0
19,16,27,2,0.0,1.0,0.2,1.0
9,7,25,0,1.0,1.0,0.4,1.0
6,8,12,1,0.0,0.38,1.6,1.0
11,9,17,6,1.0,0.38,1.6,0.0
10,13,13,2,0.0,0.0,2.4,0.0
26,12,19,1,0.0,1.0,0.2,1.0
8,12,14,3,0.0,0.09,4.6,0.0
14,10,19,1,0.0,0.09,4.6,0.0
8,7,26,1,0.0,0.09,4.6,0.0
8,13,29,4,0.0,0.09,4.6,0.0
6,1,13,2,0.0,0.2,1.0,0.0
25,13,28,3,0.0,0.2,1.0,0.0
23,2,4,0,1.0,0.27,5.2,0.0
6,3,22,4,0.0,0.27,5.2,0.0
11,10,6,2,0.0,1.0,0.4,1.0
10,6,2,5,0.0,0.33,1.2,0.0
27,9,20,2,0.0,0.33,1.2,0.0
16,14,29,4,0.0,0.33,1.2,0.0
5,5,12,1,0.0,0.0,0.2,0.0
12,19,9,5,0.0,0.2,1.0,0.0
12,10,11,0,1.0,0.2,1.0,0.0
15,8,26,1,0.0,0.2,1.0,0.0
1,9,6,2,0.0,0.19,3.2,0.0
6,10,6,2,0.0,0.19,3.2,0.0
10,7,10,6,1.0,0.19,3.2,0.0
8,11,10,6,1.0,0.19,3.2,0.0
11,3,11,0,1.0,0.19,3.2,0.0
6,7,12,1,0.0,0.19,3.2,0.0
6,8,26,1,0.0,0.19,3.2,0.0
9,6,10,6,1.0,1.0,0.6,1.0
6,12,22,4,0.0,1.0,0.6,1.0
6,8,31,6,1.0,1.0,0.6,1.0
12,19,22,4,0.0,0.4,1.0,1.0
16,5,23,5,0.0,0.4,1.0,1.0
7,8,23,5,0.0,0.4,1.0,0.0
12,11,23,5,0.0,0.4,1.0,0.0
6,6,25,0,1.0,0.4,1.0,0.0
6,4,30,5,0.0,0.29,1.4,0.0
6,2,14,3,0.0,0.8,1.0,0.0
6,5,12,1,0.0,0.21,5.6,1.0
11,12,12,1,0.0,0.21,5.6,0.0
21,8,13,2,0.0,0.21,5.6,0.0
11,10,13,2,0.0,0.21,5.6,1.0
6,21,13,2,0.0,0.21,5.6,0.0
6,3,14,3,0.0,0.21,5.6,0.0
10,6,14,3,0.0,0.21,5.6,1.0
7,6,14,3,0.0,0.21,5.6,0.0
6,16,14,3,0.0,0.21,5.6,0.0
5,6,15,4,0.0,0.21,5.6,0.0
6,8,15,4,0.0,0.21,5.6,0.0
7,12,22,4,0.0,0.21,5.6,0.0
5,10,4,0,1.0,1.0,0.8,1.0
5,14,12,1,0.0,1.0,0.8,1.0
3,16,21,3,0.0,1.0,0.8,1.0
21,16,6,2,0.0,0.11,1.8,1.0
6,8,7,3,0.0,0.11,1.8,0.0
6,6,9,5,0.0,0.11,1.8,0.0
6,12,13,2,0.0,0.11,1.8,0.0
5,4,14,3,0.0,0.11,1.8,0.0
7,11,14,3,0.0,0.11,1.8,0.0
7,16,18,0,1.0,0.11,1.8,0.0
6,8,22,4,0.0,0.11,1.8,0.0
6,5,23,5,0.0,0.11,1.8,0.0
5,13,5,1,0.0,0.08,2.4,0.0
5,6,7,3,0.0,0.08,2.4,0.0
7,3,15,4,0.0,0.08,2.4,0.0
6,4,15,4,0.0,0.08,2.4,1.0
6,6,15,4,0.0,0.08,2.4,0.0
7,11,29,4,0.0,0.08,2.4,0.0
7,12,31,6,1.0,1.0,0.2,1.0
41,11,19,1,0.0,0.5,1.2,1.0
6,12,19,1,0.0,0.5,1.2,1.0
11,12,19,1,0.0,0.5,1.2,0.0
26,6,30,5,0.0,0.5,1.2,1.0
6,8,30,5,0.0,0.5,1.2,0.0
7,11,5,1,0.0,1.0,0.2,1.0
8,10,7,3,0.0,0.14,5.8,0.0
7,11,12,1,0.0,0.14,5.8,0.0
13,14,12,1,0.0,0.14,5.8,0.0
9,6,13,2,0.0,0.14,5.8,0.0
6,6,24,6,1.0,0.14,5.8,0.0
34,15,21,3,0.0,0.2,1.0,0.0
6,5,22,4,0.0,0.2,1.0,0.0
5,16,5,1,0.0,0.43,4.2,0.0
12,7,31,6,1.0,0.43,4.2,0.0
6,15,8,4,0.0,0.2,1.0,0.0
6,13,28,3,0.0,0.2,1.0,0.0
27,10,7,3,0.0,0.2,1.0,0.0
10,7,10,6,1.0,0.2,1.0,0.0
5,14,28,3,0.0,0.2,1.0,0.0
28,6,3,6,1.0,0.07,2.8,0.0
6,16,4,0,1.0,0.07,2.8,1.0
6,6,24,6,1.0,0.07,2.8,0.0
11,1,27,2,0.0,0.07,2.8,0.0
7,4,1,4,0.0,0.1,2.0,0.0
6,5,24,6,1.0,0.1,2.0,0.0
5,1,2,5,0.0,0.5,0.4,0.0
2,7,2,5,0.0,0.0,0.4,0.0
12,3,9,5,0.0,0.0,0.8,0.0
11,12,20,2,0.0,0.0,0.8,0.0
7,3,25,0,1.0,1.0,0.4,1.0
6,3,25,0,1.0,1.0,0.4,1.0
7,0,6,2,0.0,0.0,0.8,0.0
7,1,10,6,1.0,0.0,0.8,0.0
11,1,30,5,0.0,0.0,0.8,0.0
4,1,30,5,0.0,0.0,0.8,0.0
16,9,10,6,1.0,0.25,0.8,0.0
8,14,26,1,0.0,0.25,0.8,1.0
11,18,28,3,0.0,0.25,0.8,0.0
56,4,6,2,0.0,0.15,5.4,1.0
6,8,6,2,0.0,0.15,5.4,0.0
16,23,7,3,0.0,0.15,5.4,0.0
5,8,8,4,0.0,0.15,5.4,0.0
6,6,13,2,0.0,0.15,5.4,0.0
6,14,25,0,1.0,0.15,5.4,0.0
11,9,21,3,0.0,0.42,2.4,1.0
7,5,25,0,1.0,0.42,2.4,1.0
16,5,25,0,1.0,0.42,2.4,1.0
7,13,25,0,1.0,0.42,2.4,0.0
7,4,26,1,0.0,0.42,2.4,0.0
7,8,26,1,0.0,0.42,2.4,0.0
9,9,26,1,0.0,0.42,2.4,0.0
30,2,28,3,0.0,0.42,2.4,1.0
7,3,28,3,0.0,0.42,2.4,0.0
7,7,28,3,0.0,0.42,2.4,0.0
9,11,29,4,0.0,0.42,2.4,1.0
11,14,29,4,0.0,0.42,2.4,0.0
8,3,1,4,0.0,0.45,4.4,0.0
3,5,1,4,0.0,0.45,4.4,0.0
8,14,5,1,0.0,0.45,4.4,0.0
8,15,7,3,0.0,0.45,4.4,0.0
8,16,16,5,0.0,0.45,4.4,1.0
8,17,16,5,0.0,0.45,4.4,0.0
8,5,28,3,0.0,0.45,4.4,1.0
8,6,28,3,0.0,0.45,4.4,0.0
8,17,29,4,0.0,0.45,4.4,0.0
24,6,31,6,1.0,0.44,1.8,1.0
6,6,31,6,1.0,0.44,1.8,1.0
11,4,21,3,0.0,0.0,1.0,0.0
46,15,28,3,0.0,0.0,1.0,0.0
4,16,6,2,0.0,0.18,2.2,0.0
6,7,30,5,0.0,1.0,0.6,1.0
6,7,30,5,0.0,1.0,0.6,1.0
5,7,30,5,0.0,1.0,0.6,1.0
6,12,30,5,0.0,1.0,0.2,1.0
3,13,3,6,1.0,0.33,0.6,0.0
20,13,3,6,1.0,0.33,0.6,1.0
10,5,7,3,0.0,0.25,4.8,0.0
6,4,13,2,0.0,0.25,4.8,1.0
4,5,26,1,0.0,0.0,0.2,0.0
30,12,9,5,0.0,1.0,0.2,1.0
8,5,3,6,1.0,0.12,9.6,0.0
5,13,4,0,1.0,0.12,9.6,0.0
5,8,5,1,0.0,0.12,9.6,0.0
7,2,14,3,0.0,0.12,9.6,0.0
7,4,21,3,0.0,0.12,9.6,0.0
7,16,21,3,0.0,0.12,9.6,0.0
13,14,24,6,1.0,0.12,9.6,0.0
6,18,24,6,1.0,0.12,9.6,0.0
7,19,27,2,0.0,0.12,9.6,0.0
8,6,28,3,0.0,0.12,9.6,0.0
16,2,30,5,0.0,0.12,9.6,0.0
6,8,30,5,0.0,0.12,9.6,1.0
7,7,31,6,1.0,0.12,9.6,0.0
11,7,31,6,1.0,0.12,9.6,1.0
7,10,31,6,1.0,0.12,9.6,0.0
12,6,15,4,0.0,1.0,0.8,1.0
13,19,28,3,0.0,0.0,0.4,0.0
3,13,30,5,0.0,0.0,0.4,0.0
8,7,19,1,0.0,0.75,0.8,1.0
23,14,11,0,1.0,1.0,0.2,1.0
8,13,18,0,1.0,0.21,2.8,0.0
7,11,22,4,0.0,0.21,2.8,0.0
12,14,27,2,0.0,0.21,2.8,1.0
6,16,27,2,0.0,0.21,2.8,0.0
14,5,9,5,0.0,1.0,0.2,1.0
6,12,19,1,0.0,0.12,4.8,0.0
2,12,19,1,0.0,0.12,4.8,0.0
6,7,20,2,0.0,0.12,4.8,0.0
5,2,22,4,0.0,0.12,4.8,0.0
6,10,24,6,1.0,0.12,4.8,0.0
6,11,24,6,1.0,0.12,4.8,0.0
25,17,31,6,1.0,0.12,4.8,1.0
3,17,31,6,1.0,0.12,4.8,0.0
7,7,15,4,0.0,1.0,0.2,1.0
23,1,8,4,0.0,1.0,0.2,1.0
18,5,16,5,0.0,0.33,2.4,0.0
7,6,16,5,0.0,0.33,2.4,0.0
17,8,5,1,0.0,0.5,2.0,0.0
7,6,6,2,0.0,0.5,2.0,1.0
14,10,10,6,1.0,0.5,2.0,0.0
7,6,18,0,1.0,0.5,2.0,0.0
6,6,18,0,1.0,0.5,2.0,0.0
7,0,28,3,0.0,0.5,2.0,1.0
6,8,30,5,0.0,0.5,2.0,0.0
10,13,15,4,0.0,1.0,0.2,1.0
21,13,8,4,0.0,0.67,0.6,1.0
24,17,8,4,0.0,0.67,0.6,0.0
16,2,9,5,0.0,0.67,0.6,1.0
5,14,5,1,0.0,0.4,2.0,1.0
7,3,7,3,0.0,0.4,2.0,1.0
21,3,7,3,0.0,0.4,2.0,1.0
6,1,10,6,1.0,0.4,2.0,0.0
37,2,10,6,1.0,0.4,2.0,1.0
18,2,13,2,0.0,0.4,2.0,0.0
11,2,13,2,0.0,0.4,2.0,0.0
6,9,28,3,0.0,0.0,2.6,0.0
6,13,29,4,0.0,0.0,2.6,0.0
5,10,31,6,1.0,0.0,2.6,0.0
3,7,25,0,1.0,0.18,2.2,0.0
6,9,18,0,1.0,0.17,1.2,1.0
13,3,23,5,0.0,0.17,1.2,0.0
13,10,29,4,0.0,1.0,0.6,1.0
4,10,29,4,0.0,1.0,0.6,1.0
7,3,12,1,0.0,0.71,1.4,0.0
11,12,26,1,0.0,0.08,2.4,0.0
6,8,27,2,0.0,0.08,2.4,0.0
6,16,28,3,0.0,0.08,2.4,0.0
58,9,31,6,1.0,0.0,0.2,0.0
17,7,29,4,0.0,1.0,0.2,1.0
24,12,5,1,0.0,0.38,1.6,0.0
10,2,9,5,0.0,0.38,1.6,0.0
8,4,28,3,0.0,0.0,0.6,0.0
11,4,12,1,0.0,0.33,0.6,0.0
6,7,24,6,1.0,0.0,1.8,0.0
17,9,22,4,0.0,0.0,0.2,0.0
14,10,31,6,1.0,1.0,0.2,1.0
8,20,2,5,0.0,0.12,8.6,0.0
11,8,5,1,0.0,0.12,8.6,0.0
3,0,6,2,0.0,0.12,8.6,0.0
5,1,6,2,0.0,0.12,8.6,0.0
6,3,6,2,0.0,0.12,8.6,0.0
5,5,6,2,0.0,0.12,8.6,0.0
6,11,6,2,0.0,0.12,8.6,0.0
6,2,7,3,0.0,0.12,8.6,0.0
6,19,9,5,0.0,0.12,8.6,0.0
3,14,10,6,1.0,0.12,8.6,0.0
10,8,12,1,0.0,0.12,8.6,0.0
5,11,12,1,0.0,0.12,8.6,0.0
6,14,12,1,0.0,0.12,8.6,0.0
11,14,14,3,0.0,0.12,8.6,0.0
6,12,15,4,0.0,0.12,8.6,0.0
16,17,15,4,0.0,0.12,8.6,0.0
8,13,18,0,1.0,0.12,8.6,0.0
7,10,21,3,0.0,0.12,8.6,1.0
7,16,23,5,0.0,0.12,8.6,0.0
6,10,26,1,0.0,0.12,8.6,0.0
5,7,27,2,0.0,0.12,8.6,0.0
6,9,27,2,0.0,0.12,8.6,0.0
7,13,29,4,0.0,0.12,8.6,0.0
5,12,31,6,1.0,0.12,8.6,0.0
6,10,16,5,0.0,0.33,1.2,1.0
7,10,16,5,0.0,0.33,1.2,1.0
6,15,16,5,0.0,0.33,1.2,0.0
8,9,17,6,1.0,0.33,1.2,0.0
6,16,17,6,1.0,0.33,1.2,0.0
11,16,31,6,1.0,0.33,1.2,0.0
8,10,28,3,0.0,1.0,0.2,1.0
8,11,14,3,0.0,0.12,3.4,0.0
6,12,25,0,1.0,0.12,3.4,0.0
18,17,28,3,0.0,0.12,3.4,1.0
14,10,14,3,0.0,1.0,0.2,1.0
7,4,2,5,0.0,0.5,0.4,0.0
22,14,4,0,1.0,0.75,0.8,1.0
16,6,9,5,0.0,0.75,0.8,1.0
5,5,4,0,1.0,0.4,2.0,0.0
19,14,5,1,0.0,0.62,2.6,1.0
19,5,8,4,0.0,0.62,2.6,1.0
11,4,9,5,0.0,0.62,2.6,0.0
11,6,9,5,0.0,0.62,2.6,1.0
11,6,9,5,0.0,0.62,2.6,1.0
11,7,9,5,0.0,0.62,2.6,0.0
26,7,9,5,0.0,0.62,2.6,0.0
18,5,10,6,1.0,0.62,2.6,1.0
11,13,18,0,1.0,0.62,2.6,0.0
11,7,4,0,1.0,0.11,1.8,0.0
10,10,13,2,0.0,0.11,1.8,0.0
6,6,27,2,0.0,0.11,1.8,0.0
7,12,2,5,0.0,0.0,0.4,0.0
12,17,24,6,1.0,0.0,0.4,0.0
7,2,26,1,0.0,1.0,0.4,1.0
13,3,30,5,0.0,1.0,0.4,1.0
13,17,5,1,0.0,0.08,13.2,0.0
34,10,7,3,0.0,0.08,13.2,0.0
8,8,8,4,0.0,0.08,13.2,0.0
5,11,10,6,1.0,0.08,13.2,0.0
13,10,13,2,0.0,0.08,13.2,1.0
22,9,31,6,1.0,0.08,13.2,0.0
6,7,22,4,0.0,1.0,0.4,1.0
13,17,28,3,0.0,1.0,0.4,1.0
7,13,7,3,0.0,0.0,1.2,0.0
7,6,13,2,0.0,0.0,1.2,0.0
8,2,26,1,0.0,1.0,0.2,1.0
6,11,5,1,0.0,0.32,3.8,0.0
6,11,13,2,0.0,0.12,4.8,1.0
14,11,13,2,0.0,0.12,4.8,0.0
3,7,15,4,0.0,0.12,4.8,0.0
2,12,15,4,0.0,0.12,4.8,0.0
7,7,22,4,0.0,0.12,4.8,0.0
3,5,28,3,0.0,0.12,4.8,0.0
5,9,6,2,0.0,0.25,0.8,0.0
6,8,21,3,0.0,0.25,0.8,0.0
7,8,29,4,0.0,0.25,0.8,0.0
19,2,15,4,0.0,1.0,0.2,1.0
6,12,5,1,0.0,1.0,0.8,1.0
6,16,20,2,0.0,1.0,0.8,1.0
8,7,12,1,0.0,1.0,0.6,1.0
9,8,23,5,0.0,1.0,0.6,1.0
17,5,4,0,1.0,1.0,1.2,1.0
7,13,5,1,0.0,1.0,1.2,1.0
6,14,20,2,0.0,1.0,1.2,1.0
6,10,23,5,0.0,1.0,1.2,1.0
6,6,4,0,1.0,0.18,2.2,0.0
6,9,11,0,1.0,0.18,2.2,0.0
57,17,3,6,1.0,0.62,1.6,1.0
33,7,7,3,0.0,0.62,1.6,1.0
19,17,7,3,0.0,0.62,1.6,1.0
18,13,9,5,0.0,0.62,1.6,1.0
4,15,21,3,0.0,0.62,1.6,1.0
8,18,26,1,0.0,0.62,1.6,0.0
8,11,31,6,1.0,0.62,1.6,0.0
5,3,2,5,0.0,0.0,0.6,0.0
8,2,1,4,0.0,0.6,1.0,0.0
15,15,14,3,0.0,0.6,1.0,1.0
7,14,2,5,0.0,0.29,1.4,0.0
40,7,11,0,1.0,1.0,0.2,1.0
36,16,3,6,1.0,1.0,0.2,1.0
7,5,26,1,0.0,0.17,1.2,0.0
11,4,1,4,0.0,1.0,0.8,1.0
6,15,31,6,1.0,1.0,0.8,1.0
12,12,15,4,0.0,0.33,1.8,0.0
7,5,17,6,1.0,0.33,1.8,0.0
6,8,27,2,0.0,0.33,1.8,1.0
5,8,27,2,0.0,0.33,1.8,0.0
9,10,22,4,0.0,0.0,0.2,0.0
15,5,9,5,0.0,0.38,3.2,1.0
15,8,9,5,0.0,0.38,3.2,1.0
13,19,10,6,1.0,0.38,3.2,1.0
12,14,11,0,1.0,0.38,3.2,1.0
7,20,11,0,1.0,0.38,3.2,1.0
11,9,12,1,0.0,0.38,3.2,0.0
5,10,12,1,0.0,0.38,3.2,0.0
11,15,12,1,0.0,0.38,3.2,0.0
7,5,13,2,0.0,0.38,3.2,0.0
6,8,13,2,0.0,0.38,3.2,0.0
15,13,13,2,0.0,0.38,3.2,1.0
49,23,13,2,0.0,0.38,3.2,0.0
6,23,14,3,0.0,0.38,3.2,0.0
14,11,15,4,0.0,0.38,3.2,0.0
12,11,16,5,0.0,0.38,3.2,0.0
12,21,17,6,1.0,0.38,3.2,0.0
20,13,2,5,0.0,0.2,1.0,0.0
7,11,8,4,0.0,0.2,1.0,0.0
6,23,23,5,0.0,1.0,1.2,1.0
13,9,24,6,1.0,1.0,0.2,1.0
6,19,1,4,0.0,0.0,1.0,0.0
5,19,6,2,0.0,0.0,1.0,0.0
11,13,15,4,0.0,0.0,1.0,0.0
